{
  "3": {
    "name": "dk0v_tender_1 (NW)",
    "direction": 335.4108543847204,
    "distance_km": 29.16578505082647,
    "n_turbines": 66,
    "n_pareto": 2,
    "regret_gwh": 12.033674108952255,
    "regret_pct": 0.22351727540578054,
    "lib_opt_absent": 5483.050336884752,
    "lib_opt_present": 5371.744419600328,
    "con_opt_absent": 5480.984003241171,
    "con_opt_present": 5383.77809370928,
    "elapsed_seconds": 11562.163306951523
  },
  "_config": {
    "wake_model": "turbopark",
    "A": 0.02,
    "ti_amb": 0.06,
    "n_starts": 500,
    "max_iter": 2000
  }
}