{
  "6": {
    "name": "dk1a_tender_6 (E)",
    "direction": 56.74537051187748,
    "distance_km": 43.65778894181295,
    "n_turbines": 66,
    "n_pareto": 2,
    "regret_gwh": 2.476262315904023,
    "regret_pct": 0.04551646429508915,
    "lib_opt_absent": 5469.005176851902,
    "lib_opt_present": 5437.889887062688,
    "con_opt_absent": 5468.958252220093,
    "con_opt_present": 5440.366149378592,
    "elapsed_seconds": 4869.813982963562
  },
  "_config": {
    "wake_model": "turbopark",
    "A": 0.02,
    "ti_amb": 0.06,
    "n_starts": 50,
    "max_iter": 2000
  }
}