{
  "1": {
    "name": "dk1d_tender_9 (SW)",
    "direction": 213.65026418829325,
    "distance_km": 38.876410424529084,
    "n_turbines": 66,
    "n_pareto": 1,
    "regret_gwh": 0.0,
    "regret_pct": 0.0,
    "lib_opt_absent": 5480.692786597317,
    "lib_opt_present": 5363.538383487544,
    "con_opt_absent": 5480.692786597317,
    "con_opt_present": 5363.538383487544,
    "elapsed_seconds": 17345.692062854767
  },
  "_config": {
    "wake_model": "turbopark",
    "A": 0.02,
    "ti_amb": 0.06,
    "n_starts": 300,
    "max_iter": 2000
  }
}