{
  "5": {
    "name": "dk0x_tender_2 (NE)",
    "direction": 18.50627812150958,
    "distance_km": 37.20780830543888,
    "n_turbines": 66,
    "n_pareto": 1,
    "regret_gwh": 0.0,
    "regret_pct": 0.0,
    "lib_opt_absent": 5469.421858373939,
    "lib_opt_present": 5447.79002516288,
    "con_opt_absent": 5469.421858373939,
    "con_opt_present": 5447.79002516288,
    "elapsed_seconds": 4739.630322933197
  },
  "_config": {
    "wake_model": "turbopark",
    "A": 0.02,
    "ti_amb": 0.06,
    "n_starts": 50,
    "max_iter": 2000
  }
}