{
  "4": {
    "name": "dk0Y_tender_4 (N)",
    "direction": 348.6619488771817,
    "distance_km": 55.16197420791099,
    "n_turbines": 66,
    "n_pareto": 2,
    "regret_gwh": 0.3897276758825683,
    "regret_pct": 0.007139109167017859,
    "lib_opt_absent": 5485.497688562825,
    "lib_opt_present": 5458.662189937038,
    "con_opt_absent": 5482.013237295374,
    "con_opt_present": 5459.051917612921,
    "elapsed_seconds": 14599.576283216476
  },
  "_config": {
    "wake_model": "turbopark",
    "A": 0.02,
    "ti_amb": 0.06,
    "n_starts": 500,
    "max_iter": 2000
  }
}