{
  "8": {
    "name": "dk1c_tender_8 (S)",
    "direction": 163.46877339825733,
    "distance_km": 29.251096626033714,
    "n_turbines": 66,
    "n_pareto": 2,
    "regret_gwh": 2.8158807774416346,
    "regret_pct": 0.052702958444480995,
    "lib_opt_absent": 5483.050336884752,
    "lib_opt_present": 5340.111462491104,
    "con_opt_absent": 5480.283644478511,
    "con_opt_present": 5342.927343268546,
    "elapsed_seconds": 10631.206820011139
  },
  "_config": {
    "wake_model": "turbopark",
    "A": 0.02,
    "ti_amb": 0.06,
    "n_starts": 150,
    "max_iter": 2000
  }
}