{
  "9": {
    "name": "dk1e_tender_10 (SSW)",
    "direction": 186.4029257997957,
    "distance_km": 57.91867520863896,
    "n_turbines": 66,
    "n_pareto": 1,
    "regret_gwh": 0.0,
    "regret_pct": 0.0,
    "lib_opt_absent": 5483.050336884752,
    "lib_opt_present": 5450.511001543937,
    "con_opt_absent": 5483.050336884752,
    "con_opt_present": 5450.511001543937,
    "elapsed_seconds": 10511.7519261837
  },
  "_config": {
    "wake_model": "turbopark",
    "A": 0.02,
    "ti_amb": 0.06,
    "n_starts": 150,
    "max_iter": 2000
  }
}