{
  "7": {
    "name": "dk1b_tender7 (SE)",
    "direction": 89.36420003668313,
    "distance_km": 24.451012924694226,
    "n_turbines": 66,
    "n_pareto": 1,
    "regret_gwh": 0.0,
    "regret_pct": 0.0,
    "lib_opt_absent": 5468.958252220093,
    "lib_opt_present": 5384.630583432795,
    "con_opt_absent": 5468.958252220093,
    "con_opt_present": 5384.630583432795,
    "elapsed_seconds": 5465.218101024628
  },
  "_config": {
    "wake_model": "turbopark",
    "A": 0.02,
    "ti_amb": 0.06,
    "n_starts": 50,
    "max_iter": 2000
  }
}