{
  "2": {
    "name": "dk0z_tender_5 (W)",
    "direction": 261.7805558020931,
    "distance_km": 21.9191499258237,
    "n_turbines": 66,
    "n_pareto": 5,
    "regret_gwh": 7.768942567752674,
    "regret_pct": 0.14712469022490116,
    "lib_opt_absent": 5480.692786597317,
    "lib_opt_present": 5272.746894629072,
    "con_opt_absent": 5464.843464637284,
    "con_opt_present": 5280.515837196825,
    "elapsed_seconds": 17346.60946893692
  },
  "_config": {
    "wake_model": "turbopark",
    "A": 0.02,
    "ti_amb": 0.06,
    "n_starts": 300,
    "max_iter": 2000
  }
}