{
  "5": {
    "name": "dk0x_tender_2 (NE)",
    "direction": 18.50627812150958,
    "distance_km": 37.20780830543888,
    "n_turbines": 66,
    "n_pareto": 2,
    "regret_gwh": 2.1893429400488458,
    "regret_pct": 0.04011463064504544,
    "lib_opt_absent": 5483.573759474405,
    "lib_opt_present": 5455.527467221462,
    "con_opt_absent": 5481.890976183958,
    "con_opt_present": 5457.716810161511,
    "elapsed_seconds": 24907.76643180847
  },
  "_config": {
    "wake_model": "turbopark",
    "A": 0.02,
    "ti_amb": 0.06,
    "n_starts": 500,
    "max_iter": 2000
  }
}