{
  "type": "von_mises",
  "n_directions": 24,
  "dominant_dir": 250.0,
  "concentration": 0.6,
  "mean_ws": 10.6,
  "wd": [
    0.0,
    15.0,
    30.0,
    45.0,
    60.0,
    75.0,
    90.0,
    105.0,
    120.0,
    135.0,
    150.0,
    165.0,
    180.0,
    195.0,
    210.0,
    225.0,
    240.0,
    255.0,
    270.0,
    285.0,
    300.0,
    315.0,
    330.0,
    345.0
  ],
  "ws": [
    10.6,
    10.6,
    10.6,
    10.6,
    10.6,
    10.6,
    10.6,
    10.6,
    10.6,
    10.6,
    10.6,
    10.6,
    10.6,
    10.6,
    10.6,
    10.6,
    10.6,
    10.6,
    10.6,
    10.6,
    10.6,
    10.6,
    10.6,
    10.6
  ],
  "weights": [
    0.031076035012591256,
    0.02704502765691204,
    0.024095434046312248,
    0.02215059498016108,
    0.021131490696405054,
    0.020987608893936485,
    0.021711312917156493,
    0.02333974737684842,
    0.025944936464082535,
    0.029608991222288057,
    0.03437948853956942,
    0.04020303440178566,
    0.04684578870552282,
    0.053828059947767064,
    0.06041731255835515,
    0.06572199849751813,
    0.0688915605112961,
    0.06936385070649322,
    0.06705174281997965,
    0.0623734844469364,
    0.05611042339689763,
    0.049166868235262444,
    0.04234447433183113,
    0.03621073363409154
  ]
}