{
  "type": "von_mises",
  "n_directions": 24,
  "dominant_dir": 270.0,
  "concentration": 4.0,
  "mean_ws": 9.0,
  "wd": [
    0.0,
    15.0,
    30.0,
    45.0,
    60.0,
    75.0,
    90.0,
    105.0,
    120.0,
    135.0,
    150.0,
    165.0,
    180.0,
    195.0,
    210.0,
    225.0,
    240.0,
    255.0,
    270.0,
    285.0,
    300.0,
    315.0,
    330.0,
    345.0
  ],
  "ws": [
    9.0,
    9.0,
    9.0,
    9.0,
    9.0,
    9.0,
    9.0,
    9.0,
    9.0,
    9.0,
    9.0,
    9.0,
    9.0,
    9.0,
    9.0,
    9.0,
    9.0,
    9.0,
    9.0,
    9.0,
    9.0,
    9.0,
    9.0,
    9.0
  ],
  "weights": [
    0.0036866881418973207,
    0.0013092475710436702,
    0.0004989391309209168,
    0.00021790442406199872,
    0.00011539745173649862,
    7.738404383417219e-05,
    6.752405170118436e-05,
    7.738404383417219e-05,
    0.00011539745173649862,
    0.0002179044677177444,
    0.0004989388980902731,
    0.0013092466397210956,
    0.0036866895388811827,
    0.010381286963820457,
    0.027241142466664314,
    0.062374427914619446,
    0.11778140068054199,
    0.17563918232917786,
    0.20128636062145233,
    0.17563918232917786,
    0.11778140068054199,
    0.062374476343393326,
    0.027241164818406105,
    0.010381296277046204
  ]
}