{
  "type": "uniform",
  "n_directions": 24,
  "dominant_dir": 270.0,
  "concentration": 2.0,
  "mean_ws": 9.0,
  "wd": [
    0.0,
    15.0,
    30.0,
    45.0,
    60.0,
    75.0,
    90.0,
    105.0,
    120.0,
    135.0,
    150.0,
    165.0,
    180.0,
    195.0,
    210.0,
    225.0,
    240.0,
    255.0,
    270.0,
    285.0,
    300.0,
    315.0,
    330.0,
    345.0
  ],
  "ws": [
    9.0,
    9.0,
    9.0,
    9.0,
    9.0,
    9.0,
    9.0,
    9.0,
    9.0,
    9.0,
    9.0,
    9.0,
    9.0,
    9.0,
    9.0,
    9.0,
    9.0,
    9.0,
    9.0,
    9.0,
    9.0,
    9.0,
    9.0,
    9.0
  ],
  "weights": [
    0.0416666679084301,
    0.0416666679084301,
    0.0416666679084301,
    0.0416666679084301,
    0.0416666679084301,
    0.0416666679084301,
    0.0416666679084301,
    0.0416666679084301,
    0.0416666679084301,
    0.0416666679084301,
    0.0416666679084301,
    0.0416666679084301,
    0.0416666679084301,
    0.0416666679084301,
    0.0416666679084301,
    0.0416666679084301,
    0.0416666679084301,
    0.0416666679084301,
    0.0416666679084301,
    0.0416666679084301,
    0.0416666679084301,
    0.0416666679084301,
    0.0416666679084301,
    0.0416666679084301
  ]
}