{
  "type": "von_mises",
  "n_directions": 24,
  "dominant_dir": 250.0,
  "concentration": 1.0,
  "mean_ws": 10.6,
  "wd": [
    0.0,
    15.0,
    30.0,
    45.0,
    60.0,
    75.0,
    90.0,
    105.0,
    120.0,
    135.0,
    150.0,
    165.0,
    180.0,
    195.0,
    210.0,
    225.0,
    240.0,
    255.0,
    270.0,
    285.0,
    300.0,
    315.0,
    330.0,
    345.0
  ],
  "ws": [
    10.6,
    10.6,
    10.6,
    10.6,
    10.6,
    10.6,
    10.6,
    10.6,
    10.6,
    10.6,
    10.6,
    10.6,
    10.6,
    10.6,
    10.6,
    10.6,
    10.6,
    10.6,
    10.6,
    10.6,
    10.6,
    10.6,
    10.6,
    10.6
  ],
  "weights": [
    0.023377334615850627,
    0.018545193663375384,
    0.015298314317594694,
    0.013296213601653537,
    0.012292377282259901,
    0.012153198571270916,
    0.012859649576611223,
    0.014507054463460413,
    0.0173050692781652,
    0.02156709618291956,
    0.027664193192748283,
    0.03590737955031844,
    0.04633081235845961,
    0.05840278204626559,
    0.07079805533098689,
    0.08145859685897366,
    0.08811077618736872,
    0.0891198228331617,
    0.08422398270461381,
    0.0746596013860656,
    0.06258807093563593,
    0.05021959814811189,
    0.039151364219499926,
    0.030163462694628527
  ]
}