{
  "type": "von_mises",
  "n_directions": 24,
  "dominant_dir": 270.0,
  "concentration": 2.0,
  "mean_ws": 9.0,
  "wd": [
    0.0,
    15.0,
    30.0,
    45.0,
    60.0,
    75.0,
    90.0,
    105.0,
    120.0,
    135.0,
    150.0,
    165.0,
    180.0,
    195.0,
    210.0,
    225.0,
    240.0,
    255.0,
    270.0,
    285.0,
    300.0,
    315.0,
    330.0,
    345.0
  ],
  "ws": [
    9.0,
    9.0,
    9.0,
    9.0,
    9.0,
    9.0,
    9.0,
    9.0,
    9.0,
    9.0,
    9.0,
    9.0,
    9.0,
    9.0,
    9.0,
    9.0,
    9.0,
    9.0,
    9.0,
    9.0,
    9.0,
    9.0,
    9.0,
    9.0
  ],
  "weights": [
    0.018278177827596664,
    0.010892449878156185,
    0.00672416714951396,
    0.004443730227649212,
    0.0032337976153939962,
    0.002648136578500271,
    0.0024736823979765177,
    0.002648136578500271,
    0.0032337976153939962,
    0.0044437311589717865,
    0.006724164821207523,
    0.010892447084188461,
    0.018278179690241814,
    0.030671872198581696,
    0.04968523606657982,
    0.0751827135682106,
    0.10331253707408905,
    0.12616108357906342,
    0.1350584775209427,
    0.12616108357906342,
    0.10331253707408905,
    0.07518273591995239,
    0.04968525469303131,
    0.03067188709974289
  ]
}