{
  "6": {
    "name": "dk1a_tender_6 (E)",
    "direction": 56.74537051187748,
    "distance_km": 43.65778894181295,
    "n_turbines": 66,
    "n_pareto": 1,
    "regret_gwh": 0.0,
    "regret_pct": 0.0,
    "lib_opt_absent": 5731.227961675336,
    "lib_opt_present": 5725.299631075827,
    "con_opt_absent": 5731.227961675336,
    "con_opt_present": 5725.299631075827,
    "elapsed_seconds": 5985.033313751221
  },
  "_config": {
    "wake_model": "turbopark",
    "A": 0.1,
    "ti_amb": 0.06,
    "n_starts": 50,
    "max_iter": 2000
  }
}