{
  "1": {
    "name": "dk1d_tender_9 (SW)",
    "direction": 213.65026418829325,
    "distance_km": 38.876410424529084,
    "n_turbines": 66,
    "n_pareto": 2,
    "regret_gwh": 2.0791487106507702,
    "regret_pct": 0.03642681971979912,
    "lib_opt_absent": 5731.227961675336,
    "lib_opt_present": 5705.66236329592,
    "con_opt_absent": 5730.132139151382,
    "con_opt_present": 5707.741512006571,
    "elapsed_seconds": 26959.496326208115
  },
  "_config": {
    "wake_model": "turbopark",
    "A": 0.1,
    "ti_amb": 0.06,
    "n_starts": 50,
    "max_iter": 2000
  }
}