{
  "9": {
    "name": "dk1e_tender_10 (SSW)",
    "direction": 186.4029257997957,
    "distance_km": 57.91867520863896,
    "n_turbines": 66,
    "n_pareto": 1,
    "regret_gwh": 0.0,
    "regret_pct": 0.0,
    "lib_opt_absent": 5731.227961675336,
    "lib_opt_present": 5725.748427002463,
    "con_opt_absent": 5731.227961675336,
    "con_opt_present": 5725.748427002463,
    "elapsed_seconds": 5620.305197715759
  },
  "_config": {
    "wake_model": "turbopark",
    "A": 0.1,
    "ti_amb": 0.06,
    "n_starts": 50,
    "max_iter": 2000
  }
}