{
  "7": {
    "name": "dk1b_tender7 (SE)",
    "direction": 89.36420003668313,
    "distance_km": 24.451012924694226,
    "n_turbines": 66,
    "n_pareto": 2,
    "regret_gwh": 0.3746680536551139,
    "regret_pct": 0.006564017664416982,
    "lib_opt_absent": 5731.227961675336,
    "lib_opt_present": 5707.532787560909,
    "con_opt_absent": 5731.06504917602,
    "con_opt_present": 5707.907455614564,
    "elapsed_seconds": 5634.859694004059
  },
  "_config": {
    "wake_model": "turbopark",
    "A": 0.1,
    "ti_amb": 0.06,
    "n_starts": 50,
    "max_iter": 2000
  }
}