{
  "2": {
    "name": "dk0z_tender_5 (W)",
    "direction": 261.7805558020931,
    "distance_km": 21.9191499258237,
    "n_turbines": 66,
    "n_pareto": 2,
    "regret_gwh": 0.30084712838743144,
    "regret_pct": 0.005295254289236956,
    "lib_opt_absent": 5731.227961675336,
    "lib_opt_present": 5681.147331836846,
    "con_opt_absent": 5729.916335724063,
    "con_opt_present": 5681.448178965234,
    "elapsed_seconds": 26591.076560258865
  },
  "_config": {
    "wake_model": "turbopark",
    "A": 0.1,
    "ti_amb": 0.06,
    "n_starts": 50,
    "max_iter": 2000
  }
}