{
  "type": "von_mises",
  "n_directions": 24,
  "dominant_dir": 270.0,
  "concentration": 1.0,
  "mean_ws": 9.0,
  "wd": [
    0.0,
    15.0,
    30.0,
    45.0,
    60.0,
    75.0,
    90.0,
    105.0,
    120.0,
    135.0,
    150.0,
    165.0,
    180.0,
    195.0,
    210.0,
    225.0,
    240.0,
    255.0,
    270.0,
    285.0,
    300.0,
    315.0,
    330.0,
    345.0
  ],
  "ws": [
    9.0,
    9.0,
    9.0,
    9.0,
    9.0,
    9.0,
    9.0,
    9.0,
    9.0,
    9.0,
    9.0,
    9.0,
    9.0,
    9.0,
    9.0,
    9.0,
    9.0,
    9.0,
    9.0,
    9.0,
    9.0,
    9.0,
    9.0,
    9.0
  ],
  "weights": [
    0.03291034698486328,
    0.025405561551451683,
    0.01996113546192646,
    0.016227060928940773,
    0.01384275034070015,
    0.012526686303317547,
    0.01210703980177641,
    0.012526686303317547,
    0.01384275034070015,
    0.016227060928940773,
    0.019961131736636162,
    0.025405557826161385,
    0.03291035071015358,
    0.04263204336166382,
    0.05425998568534851,
    0.06674595922231674,
    0.0782424658536911,
    0.08646267652511597,
    0.08945959061384201,
    0.08646267652511597,
    0.0782424658536911,
    0.06674597412347794,
    0.054259996861219406,
    0.042632050812244415
  ]
}