{
  "type": "bimodal",
  "n_directions": 24,
  "dominant_dir": 270.0,
  "concentration": 2.0,
  "mean_ws": 9.0,
  "wd": [
    0.0,
    15.0,
    30.0,
    45.0,
    60.0,
    75.0,
    90.0,
    105.0,
    120.0,
    135.0,
    150.0,
    165.0,
    180.0,
    195.0,
    210.0,
    225.0,
    240.0,
    255.0,
    270.0,
    285.0,
    300.0,
    315.0,
    330.0,
    345.0
  ],
  "ws": [
    9.0,
    9.0,
    9.0,
    9.0,
    9.0,
    9.0,
    9.0,
    9.0,
    9.0,
    9.0,
    9.0,
    9.0,
    9.0,
    9.0,
    9.0,
    9.0,
    9.0,
    9.0,
    9.0,
    9.0,
    9.0,
    9.0,
    9.0,
    9.0
  ],
  "weights": [
    0.018278179690241814,
    0.01682627759873867,
    0.019612489268183708,
    0.02566543221473694,
    0.03325742110610008,
    0.039702024310827255,
    0.042249128222465515,
    0.039702024310827255,
    0.03325742110610008,
    0.025665434077382088,
    0.019612491130828857,
    0.01682627759873867,
    0.018278179690241814,
    0.024738047271966934,
    0.03679691627621651,
    0.053961023688316345,
    0.0732889249920845,
    0.08910719305276871,
    0.09528305381536484,
    0.08910719305276871,
    0.0732889249920845,
    0.05396103858947754,
    0.0367969311773777,
    0.02473805658519268
  ]
}