idx,study,wake,name,outdir,walltime_hr,python_args
1,buffer_table,bast,a0.9_f1.0_d40,analysis/buffer_table_funwake/a0.9_f1.0_d40,48,scripts/run_regret_cross_section.py --n-bearings 24 --n-inner-starts 2000 --inner-max-iter 5000 --k-liberal 2000 --deficit bastankhah --schedule funwake_iter192 --chunk-size 25 --wind-speed 9.0 --n-bins 24 --distances-D 40 --wind-rose elliptical --ed-a 0.9 --ed-f 1.0 --wind-dir 270
2,buffer_table,tp,a0.9_f1.0_d40,analysis/buffer_table_tp_funwake/a0.9_f1.0_d40,48,scripts/run_regret_cross_section.py --n-bearings 24 --n-inner-starts 2000 --inner-max-iter 5000 --k-liberal 2000 --deficit turbopark --ti 0.06 --schedule funwake_iter192 --chunk-size 25 --wind-speed 9.0 --n-bins 24 --distances-D 40 --wind-rose elliptical --ed-a 0.9 --ed-f 1.0 --wind-dir 270
3,cross_section_fixed,bast,dei_d2,analysis/cross_section_fixed_funwake/dei_d2,48,scripts/run_regret_cross_section.py --n-bearings 24 --n-inner-starts 2000 --inner-max-iter 5000 --k-liberal 2000 --deficit bastankhah --schedule funwake_iter192 --chunk-size 25 --wind-speed 9.0 --n-bins 24 --distances-D 2 --wind-rose dei
4,cross_section_fixed,tp,dei_d2,analysis/cross_section_fixed_tp_funwake/dei_d2,48,scripts/run_regret_cross_section.py --n-bearings 24 --n-inner-starts 2000 --inner-max-iter 5000 --k-liberal 2000 --deficit turbopark --ti 0.06 --schedule funwake_iter192 --chunk-size 25 --wind-speed 9.0 --n-bins 24 --distances-D 2 --wind-rose dei
5,cross_section_fixed,bast,dei_d5,analysis/cross_section_fixed_funwake/dei_d5,48,scripts/run_regret_cross_section.py --n-bearings 24 --n-inner-starts 2000 --inner-max-iter 5000 --k-liberal 2000 --deficit bastankhah --schedule funwake_iter192 --chunk-size 25 --wind-speed 9.0 --n-bins 24 --distances-D 5 --wind-rose dei
6,cross_section_fixed,tp,dei_d5,analysis/cross_section_fixed_tp_funwake/dei_d5,48,scripts/run_regret_cross_section.py --n-bearings 24 --n-inner-starts 2000 --inner-max-iter 5000 --k-liberal 2000 --deficit turbopark --ti 0.06 --schedule funwake_iter192 --chunk-size 25 --wind-speed 9.0 --n-bins 24 --distances-D 5 --wind-rose dei
7,cross_section_fixed,tp,dei_d10,analysis/cross_section_fixed_tp_funwake/dei_d10,48,scripts/run_regret_cross_section.py --n-bearings 24 --n-inner-starts 2000 --inner-max-iter 5000 --k-liberal 2000 --deficit turbopark --ti 0.06 --schedule funwake_iter192 --chunk-size 25 --wind-speed 9.0 --n-bins 24 --distances-D 10 --wind-rose dei
8,cross_section_fixed,tp,dei_d15,analysis/cross_section_fixed_tp_funwake/dei_d15,48,scripts/run_regret_cross_section.py --n-bearings 24 --n-inner-starts 2000 --inner-max-iter 5000 --k-liberal 2000 --deficit turbopark --ti 0.06 --schedule funwake_iter192 --chunk-size 25 --wind-speed 9.0 --n-bins 24 --distances-D 15 --wind-rose dei
9,cross_section_fixed,bast,dei_d20,analysis/cross_section_fixed_funwake/dei_d20,48,scripts/run_regret_cross_section.py --n-bearings 24 --n-inner-starts 2000 --inner-max-iter 5000 --k-liberal 2000 --deficit bastankhah --schedule funwake_iter192 --chunk-size 25 --wind-speed 9.0 --n-bins 24 --distances-D 20 --wind-rose dei
10,cross_section_fixed,tp,dei_d20,analysis/cross_section_fixed_tp_funwake/dei_d20,48,scripts/run_regret_cross_section.py --n-bearings 24 --n-inner-starts 2000 --inner-max-iter 5000 --k-liberal 2000 --deficit turbopark --ti 0.06 --schedule funwake_iter192 --chunk-size 25 --wind-speed 9.0 --n-bins 24 --distances-D 20 --wind-rose dei
11,cross_section_fixed,bast,dei_d30,analysis/cross_section_fixed_funwake/dei_d30,48,scripts/run_regret_cross_section.py --n-bearings 24 --n-inner-starts 2000 --inner-max-iter 5000 --k-liberal 2000 --deficit bastankhah --schedule funwake_iter192 --chunk-size 25 --wind-speed 9.0 --n-bins 24 --distances-D 30 --wind-rose dei
12,cross_section_fixed,tp,dei_d30,analysis/cross_section_fixed_tp_funwake/dei_d30,48,scripts/run_regret_cross_section.py --n-bearings 24 --n-inner-starts 2000 --inner-max-iter 5000 --k-liberal 2000 --deficit turbopark --ti 0.06 --schedule funwake_iter192 --chunk-size 25 --wind-speed 9.0 --n-bins 24 --distances-D 30 --wind-rose dei
13,cross_section_fixed,bast,dei_d40,analysis/cross_section_fixed_funwake/dei_d40,48,scripts/run_regret_cross_section.py --n-bearings 24 --n-inner-starts 2000 --inner-max-iter 5000 --k-liberal 2000 --deficit bastankhah --schedule funwake_iter192 --chunk-size 25 --wind-speed 9.0 --n-bins 24 --distances-D 40 --wind-rose dei
14,cross_section_fixed,tp,dei_d40,analysis/cross_section_fixed_tp_funwake/dei_d40,48,scripts/run_regret_cross_section.py --n-bearings 24 --n-inner-starts 2000 --inner-max-iter 5000 --k-liberal 2000 --deficit turbopark --ti 0.06 --schedule funwake_iter192 --chunk-size 25 --wind-speed 9.0 --n-bins 24 --distances-D 40 --wind-rose dei
15,cross_section_fixed,bast,a0.5_f0.0_d2,analysis/cross_section_fixed_funwake/a0.5_f0.0_d2,48,scripts/run_regret_cross_section.py --n-bearings 24 --n-inner-starts 2000 --inner-max-iter 5000 --k-liberal 2000 --deficit bastankhah --schedule funwake_iter192 --chunk-size 25 --wind-speed 9.0 --n-bins 24 --distances-D 2 --wind-rose elliptical --ed-a 0.5 --ed-f 0.0 --wind-dir 270
16,cross_section_fixed,tp,a0.5_f0.0_d5,analysis/cross_section_fixed_tp_funwake/a0.5_f0.0_d5,48,scripts/run_regret_cross_section.py --n-bearings 24 --n-inner-starts 2000 --inner-max-iter 5000 --k-liberal 2000 --deficit turbopark --ti 0.06 --schedule funwake_iter192 --chunk-size 25 --wind-speed 9.0 --n-bins 24 --distances-D 5 --wind-rose elliptical --ed-a 0.5 --ed-f 0.0 --wind-dir 270
17,cross_section_fixed,bast,a0.5_f0.0_d10,analysis/cross_section_fixed_funwake/a0.5_f0.0_d10,48,scripts/run_regret_cross_section.py --n-bearings 24 --n-inner-starts 2000 --inner-max-iter 5000 --k-liberal 2000 --deficit bastankhah --schedule funwake_iter192 --chunk-size 25 --wind-speed 9.0 --n-bins 24 --distances-D 10 --wind-rose elliptical --ed-a 0.5 --ed-f 0.0 --wind-dir 270
18,cross_section_fixed,tp,a0.5_f0.0_d10,analysis/cross_section_fixed_tp_funwake/a0.5_f0.0_d10,48,scripts/run_regret_cross_section.py --n-bearings 24 --n-inner-starts 2000 --inner-max-iter 5000 --k-liberal 2000 --deficit turbopark --ti 0.06 --schedule funwake_iter192 --chunk-size 25 --wind-speed 9.0 --n-bins 24 --distances-D 10 --wind-rose elliptical --ed-a 0.5 --ed-f 0.0 --wind-dir 270
19,cross_section_fixed,bast,a0.5_f0.0_d15,analysis/cross_section_fixed_funwake/a0.5_f0.0_d15,48,scripts/run_regret_cross_section.py --n-bearings 24 --n-inner-starts 2000 --inner-max-iter 5000 --k-liberal 2000 --deficit bastankhah --schedule funwake_iter192 --chunk-size 25 --wind-speed 9.0 --n-bins 24 --distances-D 15 --wind-rose elliptical --ed-a 0.5 --ed-f 0.0 --wind-dir 270
20,cross_section_fixed,tp,a0.5_f0.0_d15,analysis/cross_section_fixed_tp_funwake/a0.5_f0.0_d15,48,scripts/run_regret_cross_section.py --n-bearings 24 --n-inner-starts 2000 --inner-max-iter 5000 --k-liberal 2000 --deficit turbopark --ti 0.06 --schedule funwake_iter192 --chunk-size 25 --wind-speed 9.0 --n-bins 24 --distances-D 15 --wind-rose elliptical --ed-a 0.5 --ed-f 0.0 --wind-dir 270
21,cross_section_fixed,bast,a0.5_f0.0_d20,analysis/cross_section_fixed_funwake/a0.5_f0.0_d20,48,scripts/run_regret_cross_section.py --n-bearings 24 --n-inner-starts 2000 --inner-max-iter 5000 --k-liberal 2000 --deficit bastankhah --schedule funwake_iter192 --chunk-size 25 --wind-speed 9.0 --n-bins 24 --distances-D 20 --wind-rose elliptical --ed-a 0.5 --ed-f 0.0 --wind-dir 270
22,cross_section_fixed,tp,a0.5_f0.0_d20,analysis/cross_section_fixed_tp_funwake/a0.5_f0.0_d20,48,scripts/run_regret_cross_section.py --n-bearings 24 --n-inner-starts 2000 --inner-max-iter 5000 --k-liberal 2000 --deficit turbopark --ti 0.06 --schedule funwake_iter192 --chunk-size 25 --wind-speed 9.0 --n-bins 24 --distances-D 20 --wind-rose elliptical --ed-a 0.5 --ed-f 0.0 --wind-dir 270
23,cross_section_fixed,bast,a0.5_f0.0_d30,analysis/cross_section_fixed_funwake/a0.5_f0.0_d30,48,scripts/run_regret_cross_section.py --n-bearings 24 --n-inner-starts 2000 --inner-max-iter 5000 --k-liberal 2000 --deficit bastankhah --schedule funwake_iter192 --chunk-size 25 --wind-speed 9.0 --n-bins 24 --distances-D 30 --wind-rose elliptical --ed-a 0.5 --ed-f 0.0 --wind-dir 270
24,cross_section_fixed,bast,a0.5_f0.0_d40,analysis/cross_section_fixed_funwake/a0.5_f0.0_d40,48,scripts/run_regret_cross_section.py --n-bearings 24 --n-inner-starts 2000 --inner-max-iter 5000 --k-liberal 2000 --deficit bastankhah --schedule funwake_iter192 --chunk-size 25 --wind-speed 9.0 --n-bins 24 --distances-D 40 --wind-rose elliptical --ed-a 0.5 --ed-f 0.0 --wind-dir 270
25,cross_section_fixed,tp,a0.5_f0.0_d40,analysis/cross_section_fixed_tp_funwake/a0.5_f0.0_d40,48,scripts/run_regret_cross_section.py --n-bearings 24 --n-inner-starts 2000 --inner-max-iter 5000 --k-liberal 2000 --deficit turbopark --ti 0.06 --schedule funwake_iter192 --chunk-size 25 --wind-speed 9.0 --n-bins 24 --distances-D 40 --wind-rose elliptical --ed-a 0.5 --ed-f 0.0 --wind-dir 270
26,cross_section_fixed,bast,a0.5_f1.0_d2,analysis/cross_section_fixed_funwake/a0.5_f1.0_d2,48,scripts/run_regret_cross_section.py --n-bearings 24 --n-inner-starts 2000 --inner-max-iter 5000 --k-liberal 2000 --deficit bastankhah --schedule funwake_iter192 --chunk-size 25 --wind-speed 9.0 --n-bins 24 --distances-D 2 --wind-rose elliptical --ed-a 0.5 --ed-f 1.0 --wind-dir 270
27,cross_section_fixed,tp,a0.5_f1.0_d2,analysis/cross_section_fixed_tp_funwake/a0.5_f1.0_d2,48,scripts/run_regret_cross_section.py --n-bearings 24 --n-inner-starts 2000 --inner-max-iter 5000 --k-liberal 2000 --deficit turbopark --ti 0.06 --schedule funwake_iter192 --chunk-size 25 --wind-speed 9.0 --n-bins 24 --distances-D 2 --wind-rose elliptical --ed-a 0.5 --ed-f 1.0 --wind-dir 270
28,cross_section_fixed,bast,a0.5_f1.0_d5,analysis/cross_section_fixed_funwake/a0.5_f1.0_d5,48,scripts/run_regret_cross_section.py --n-bearings 24 --n-inner-starts 2000 --inner-max-iter 5000 --k-liberal 2000 --deficit bastankhah --schedule funwake_iter192 --chunk-size 25 --wind-speed 9.0 --n-bins 24 --distances-D 5 --wind-rose elliptical --ed-a 0.5 --ed-f 1.0 --wind-dir 270
29,cross_section_fixed,bast,a0.5_f1.0_d10,analysis/cross_section_fixed_funwake/a0.5_f1.0_d10,48,scripts/run_regret_cross_section.py --n-bearings 24 --n-inner-starts 2000 --inner-max-iter 5000 --k-liberal 2000 --deficit bastankhah --schedule funwake_iter192 --chunk-size 25 --wind-speed 9.0 --n-bins 24 --distances-D 10 --wind-rose elliptical --ed-a 0.5 --ed-f 1.0 --wind-dir 270
30,cross_section_fixed,tp,a0.5_f1.0_d10,analysis/cross_section_fixed_tp_funwake/a0.5_f1.0_d10,48,scripts/run_regret_cross_section.py --n-bearings 24 --n-inner-starts 2000 --inner-max-iter 5000 --k-liberal 2000 --deficit turbopark --ti 0.06 --schedule funwake_iter192 --chunk-size 25 --wind-speed 9.0 --n-bins 24 --distances-D 10 --wind-rose elliptical --ed-a 0.5 --ed-f 1.0 --wind-dir 270
31,cross_section_fixed,bast,a0.5_f1.0_d15,analysis/cross_section_fixed_funwake/a0.5_f1.0_d15,48,scripts/run_regret_cross_section.py --n-bearings 24 --n-inner-starts 2000 --inner-max-iter 5000 --k-liberal 2000 --deficit bastankhah --schedule funwake_iter192 --chunk-size 25 --wind-speed 9.0 --n-bins 24 --distances-D 15 --wind-rose elliptical --ed-a 0.5 --ed-f 1.0 --wind-dir 270
32,cross_section_fixed,tp,a0.5_f1.0_d15,analysis/cross_section_fixed_tp_funwake/a0.5_f1.0_d15,48,scripts/run_regret_cross_section.py --n-bearings 24 --n-inner-starts 2000 --inner-max-iter 5000 --k-liberal 2000 --deficit turbopark --ti 0.06 --schedule funwake_iter192 --chunk-size 25 --wind-speed 9.0 --n-bins 24 --distances-D 15 --wind-rose elliptical --ed-a 0.5 --ed-f 1.0 --wind-dir 270
33,cross_section_fixed,bast,a0.5_f1.0_d20,analysis/cross_section_fixed_funwake/a0.5_f1.0_d20,48,scripts/run_regret_cross_section.py --n-bearings 24 --n-inner-starts 2000 --inner-max-iter 5000 --k-liberal 2000 --deficit bastankhah --schedule funwake_iter192 --chunk-size 25 --wind-speed 9.0 --n-bins 24 --distances-D 20 --wind-rose elliptical --ed-a 0.5 --ed-f 1.0 --wind-dir 270
34,cross_section_fixed,tp,a0.5_f1.0_d20,analysis/cross_section_fixed_tp_funwake/a0.5_f1.0_d20,48,scripts/run_regret_cross_section.py --n-bearings 24 --n-inner-starts 2000 --inner-max-iter 5000 --k-liberal 2000 --deficit turbopark --ti 0.06 --schedule funwake_iter192 --chunk-size 25 --wind-speed 9.0 --n-bins 24 --distances-D 20 --wind-rose elliptical --ed-a 0.5 --ed-f 1.0 --wind-dir 270
35,cross_section_fixed,bast,a0.5_f1.0_d30,analysis/cross_section_fixed_funwake/a0.5_f1.0_d30,48,scripts/run_regret_cross_section.py --n-bearings 24 --n-inner-starts 2000 --inner-max-iter 5000 --k-liberal 2000 --deficit bastankhah --schedule funwake_iter192 --chunk-size 25 --wind-speed 9.0 --n-bins 24 --distances-D 30 --wind-rose elliptical --ed-a 0.5 --ed-f 1.0 --wind-dir 270
36,cross_section_fixed,tp,a0.5_f1.0_d30,analysis/cross_section_fixed_tp_funwake/a0.5_f1.0_d30,48,scripts/run_regret_cross_section.py --n-bearings 24 --n-inner-starts 2000 --inner-max-iter 5000 --k-liberal 2000 --deficit turbopark --ti 0.06 --schedule funwake_iter192 --chunk-size 25 --wind-speed 9.0 --n-bins 24 --distances-D 30 --wind-rose elliptical --ed-a 0.5 --ed-f 1.0 --wind-dir 270
37,cross_section_fixed,tp,a0.5_f1.0_d40,analysis/cross_section_fixed_tp_funwake/a0.5_f1.0_d40,48,scripts/run_regret_cross_section.py --n-bearings 24 --n-inner-starts 2000 --inner-max-iter 5000 --k-liberal 2000 --deficit turbopark --ti 0.06 --schedule funwake_iter192 --chunk-size 25 --wind-speed 9.0 --n-bins 24 --distances-D 40 --wind-rose elliptical --ed-a 0.5 --ed-f 1.0 --wind-dir 270
38,cross_section_fixed,tp,a0.7_f0.5_d2,analysis/cross_section_fixed_tp_funwake/a0.7_f0.5_d2,48,scripts/run_regret_cross_section.py --n-bearings 24 --n-inner-starts 2000 --inner-max-iter 5000 --k-liberal 2000 --deficit turbopark --ti 0.06 --schedule funwake_iter192 --chunk-size 25 --wind-speed 9.0 --n-bins 24 --distances-D 2 --wind-rose elliptical --ed-a 0.7 --ed-f 0.5 --wind-dir 270
39,cross_section_fixed,bast,a0.7_f0.5_d5,analysis/cross_section_fixed_funwake/a0.7_f0.5_d5,48,scripts/run_regret_cross_section.py --n-bearings 24 --n-inner-starts 2000 --inner-max-iter 5000 --k-liberal 2000 --deficit bastankhah --schedule funwake_iter192 --chunk-size 25 --wind-speed 9.0 --n-bins 24 --distances-D 5 --wind-rose elliptical --ed-a 0.7 --ed-f 0.5 --wind-dir 270
40,cross_section_fixed,tp,a0.7_f0.5_d5,analysis/cross_section_fixed_tp_funwake/a0.7_f0.5_d5,48,scripts/run_regret_cross_section.py --n-bearings 24 --n-inner-starts 2000 --inner-max-iter 5000 --k-liberal 2000 --deficit turbopark --ti 0.06 --schedule funwake_iter192 --chunk-size 25 --wind-speed 9.0 --n-bins 24 --distances-D 5 --wind-rose elliptical --ed-a 0.7 --ed-f 0.5 --wind-dir 270
41,cross_section_fixed,bast,a0.7_f0.5_d10,analysis/cross_section_fixed_funwake/a0.7_f0.5_d10,48,scripts/run_regret_cross_section.py --n-bearings 24 --n-inner-starts 2000 --inner-max-iter 5000 --k-liberal 2000 --deficit bastankhah --schedule funwake_iter192 --chunk-size 25 --wind-speed 9.0 --n-bins 24 --distances-D 10 --wind-rose elliptical --ed-a 0.7 --ed-f 0.5 --wind-dir 270
42,cross_section_fixed,tp,a0.7_f0.5_d10,analysis/cross_section_fixed_tp_funwake/a0.7_f0.5_d10,48,scripts/run_regret_cross_section.py --n-bearings 24 --n-inner-starts 2000 --inner-max-iter 5000 --k-liberal 2000 --deficit turbopark --ti 0.06 --schedule funwake_iter192 --chunk-size 25 --wind-speed 9.0 --n-bins 24 --distances-D 10 --wind-rose elliptical --ed-a 0.7 --ed-f 0.5 --wind-dir 270
43,cross_section_fixed,bast,a0.7_f0.5_d15,analysis/cross_section_fixed_funwake/a0.7_f0.5_d15,48,scripts/run_regret_cross_section.py --n-bearings 24 --n-inner-starts 2000 --inner-max-iter 5000 --k-liberal 2000 --deficit bastankhah --schedule funwake_iter192 --chunk-size 25 --wind-speed 9.0 --n-bins 24 --distances-D 15 --wind-rose elliptical --ed-a 0.7 --ed-f 0.5 --wind-dir 270
44,cross_section_fixed,tp,a0.7_f0.5_d15,analysis/cross_section_fixed_tp_funwake/a0.7_f0.5_d15,48,scripts/run_regret_cross_section.py --n-bearings 24 --n-inner-starts 2000 --inner-max-iter 5000 --k-liberal 2000 --deficit turbopark --ti 0.06 --schedule funwake_iter192 --chunk-size 25 --wind-speed 9.0 --n-bins 24 --distances-D 15 --wind-rose elliptical --ed-a 0.7 --ed-f 0.5 --wind-dir 270
45,cross_section_fixed,bast,a0.7_f0.5_d20,analysis/cross_section_fixed_funwake/a0.7_f0.5_d20,48,scripts/run_regret_cross_section.py --n-bearings 24 --n-inner-starts 2000 --inner-max-iter 5000 --k-liberal 2000 --deficit bastankhah --schedule funwake_iter192 --chunk-size 25 --wind-speed 9.0 --n-bins 24 --distances-D 20 --wind-rose elliptical --ed-a 0.7 --ed-f 0.5 --wind-dir 270
46,cross_section_fixed,tp,a0.7_f0.5_d20,analysis/cross_section_fixed_tp_funwake/a0.7_f0.5_d20,48,scripts/run_regret_cross_section.py --n-bearings 24 --n-inner-starts 2000 --inner-max-iter 5000 --k-liberal 2000 --deficit turbopark --ti 0.06 --schedule funwake_iter192 --chunk-size 25 --wind-speed 9.0 --n-bins 24 --distances-D 20 --wind-rose elliptical --ed-a 0.7 --ed-f 0.5 --wind-dir 270
47,cross_section_fixed,bast,a0.7_f0.5_d30,analysis/cross_section_fixed_funwake/a0.7_f0.5_d30,48,scripts/run_regret_cross_section.py --n-bearings 24 --n-inner-starts 2000 --inner-max-iter 5000 --k-liberal 2000 --deficit bastankhah --schedule funwake_iter192 --chunk-size 25 --wind-speed 9.0 --n-bins 24 --distances-D 30 --wind-rose elliptical --ed-a 0.7 --ed-f 0.5 --wind-dir 270
48,cross_section_fixed,tp,a0.7_f0.5_d30,analysis/cross_section_fixed_tp_funwake/a0.7_f0.5_d30,48,scripts/run_regret_cross_section.py --n-bearings 24 --n-inner-starts 2000 --inner-max-iter 5000 --k-liberal 2000 --deficit turbopark --ti 0.06 --schedule funwake_iter192 --chunk-size 25 --wind-speed 9.0 --n-bins 24 --distances-D 30 --wind-rose elliptical --ed-a 0.7 --ed-f 0.5 --wind-dir 270
49,cross_section_fixed,tp,a0.7_f0.5_d40,analysis/cross_section_fixed_tp_funwake/a0.7_f0.5_d40,48,scripts/run_regret_cross_section.py --n-bearings 24 --n-inner-starts 2000 --inner-max-iter 5000 --k-liberal 2000 --deficit turbopark --ti 0.06 --schedule funwake_iter192 --chunk-size 25 --wind-speed 9.0 --n-bins 24 --distances-D 40 --wind-rose elliptical --ed-a 0.7 --ed-f 0.5 --wind-dir 270
50,cross_section_fixed,bast,a0.9_f0.0_d2,analysis/cross_section_fixed_funwake/a0.9_f0.0_d2,48,scripts/run_regret_cross_section.py --n-bearings 24 --n-inner-starts 2000 --inner-max-iter 5000 --k-liberal 2000 --deficit bastankhah --schedule funwake_iter192 --chunk-size 25 --wind-speed 9.0 --n-bins 24 --distances-D 2 --wind-rose elliptical --ed-a 0.9 --ed-f 0.0 --wind-dir 270
51,cross_section_fixed,tp,a0.9_f0.0_d2,analysis/cross_section_fixed_tp_funwake/a0.9_f0.0_d2,48,scripts/run_regret_cross_section.py --n-bearings 24 --n-inner-starts 2000 --inner-max-iter 5000 --k-liberal 2000 --deficit turbopark --ti 0.06 --schedule funwake_iter192 --chunk-size 25 --wind-speed 9.0 --n-bins 24 --distances-D 2 --wind-rose elliptical --ed-a 0.9 --ed-f 0.0 --wind-dir 270
52,cross_section_fixed,bast,a0.9_f0.0_d5,analysis/cross_section_fixed_funwake/a0.9_f0.0_d5,48,scripts/run_regret_cross_section.py --n-bearings 24 --n-inner-starts 2000 --inner-max-iter 5000 --k-liberal 2000 --deficit bastankhah --schedule funwake_iter192 --chunk-size 25 --wind-speed 9.0 --n-bins 24 --distances-D 5 --wind-rose elliptical --ed-a 0.9 --ed-f 0.0 --wind-dir 270
53,cross_section_fixed,tp,a0.9_f0.0_d5,analysis/cross_section_fixed_tp_funwake/a0.9_f0.0_d5,48,scripts/run_regret_cross_section.py --n-bearings 24 --n-inner-starts 2000 --inner-max-iter 5000 --k-liberal 2000 --deficit turbopark --ti 0.06 --schedule funwake_iter192 --chunk-size 25 --wind-speed 9.0 --n-bins 24 --distances-D 5 --wind-rose elliptical --ed-a 0.9 --ed-f 0.0 --wind-dir 270
54,cross_section_fixed,bast,a0.9_f0.0_d10,analysis/cross_section_fixed_funwake/a0.9_f0.0_d10,48,scripts/run_regret_cross_section.py --n-bearings 24 --n-inner-starts 2000 --inner-max-iter 5000 --k-liberal 2000 --deficit bastankhah --schedule funwake_iter192 --chunk-size 25 --wind-speed 9.0 --n-bins 24 --distances-D 10 --wind-rose elliptical --ed-a 0.9 --ed-f 0.0 --wind-dir 270
55,cross_section_fixed,tp,a0.9_f0.0_d10,analysis/cross_section_fixed_tp_funwake/a0.9_f0.0_d10,48,scripts/run_regret_cross_section.py --n-bearings 24 --n-inner-starts 2000 --inner-max-iter 5000 --k-liberal 2000 --deficit turbopark --ti 0.06 --schedule funwake_iter192 --chunk-size 25 --wind-speed 9.0 --n-bins 24 --distances-D 10 --wind-rose elliptical --ed-a 0.9 --ed-f 0.0 --wind-dir 270
56,cross_section_fixed,bast,a0.9_f0.0_d15,analysis/cross_section_fixed_funwake/a0.9_f0.0_d15,48,scripts/run_regret_cross_section.py --n-bearings 24 --n-inner-starts 2000 --inner-max-iter 5000 --k-liberal 2000 --deficit bastankhah --schedule funwake_iter192 --chunk-size 25 --wind-speed 9.0 --n-bins 24 --distances-D 15 --wind-rose elliptical --ed-a 0.9 --ed-f 0.0 --wind-dir 270
57,cross_section_fixed,tp,a0.9_f0.0_d15,analysis/cross_section_fixed_tp_funwake/a0.9_f0.0_d15,48,scripts/run_regret_cross_section.py --n-bearings 24 --n-inner-starts 2000 --inner-max-iter 5000 --k-liberal 2000 --deficit turbopark --ti 0.06 --schedule funwake_iter192 --chunk-size 25 --wind-speed 9.0 --n-bins 24 --distances-D 15 --wind-rose elliptical --ed-a 0.9 --ed-f 0.0 --wind-dir 270
58,cross_section_fixed,tp,a0.9_f0.0_d20,analysis/cross_section_fixed_tp_funwake/a0.9_f0.0_d20,48,scripts/run_regret_cross_section.py --n-bearings 24 --n-inner-starts 2000 --inner-max-iter 5000 --k-liberal 2000 --deficit turbopark --ti 0.06 --schedule funwake_iter192 --chunk-size 25 --wind-speed 9.0 --n-bins 24 --distances-D 20 --wind-rose elliptical --ed-a 0.9 --ed-f 0.0 --wind-dir 270
59,cross_section_fixed,bast,a0.9_f0.0_d30,analysis/cross_section_fixed_funwake/a0.9_f0.0_d30,48,scripts/run_regret_cross_section.py --n-bearings 24 --n-inner-starts 2000 --inner-max-iter 5000 --k-liberal 2000 --deficit bastankhah --schedule funwake_iter192 --chunk-size 25 --wind-speed 9.0 --n-bins 24 --distances-D 30 --wind-rose elliptical --ed-a 0.9 --ed-f 0.0 --wind-dir 270
60,cross_section_fixed,tp,a0.9_f0.0_d30,analysis/cross_section_fixed_tp_funwake/a0.9_f0.0_d30,48,scripts/run_regret_cross_section.py --n-bearings 24 --n-inner-starts 2000 --inner-max-iter 5000 --k-liberal 2000 --deficit turbopark --ti 0.06 --schedule funwake_iter192 --chunk-size 25 --wind-speed 9.0 --n-bins 24 --distances-D 30 --wind-rose elliptical --ed-a 0.9 --ed-f 0.0 --wind-dir 270
61,cross_section_fixed,bast,a0.9_f0.0_d40,analysis/cross_section_fixed_funwake/a0.9_f0.0_d40,48,scripts/run_regret_cross_section.py --n-bearings 24 --n-inner-starts 2000 --inner-max-iter 5000 --k-liberal 2000 --deficit bastankhah --schedule funwake_iter192 --chunk-size 25 --wind-speed 9.0 --n-bins 24 --distances-D 40 --wind-rose elliptical --ed-a 0.9 --ed-f 0.0 --wind-dir 270
62,cross_section_fixed,tp,a0.9_f0.0_d40,analysis/cross_section_fixed_tp_funwake/a0.9_f0.0_d40,48,scripts/run_regret_cross_section.py --n-bearings 24 --n-inner-starts 2000 --inner-max-iter 5000 --k-liberal 2000 --deficit turbopark --ti 0.06 --schedule funwake_iter192 --chunk-size 25 --wind-speed 9.0 --n-bins 24 --distances-D 40 --wind-rose elliptical --ed-a 0.9 --ed-f 0.0 --wind-dir 270
63,cross_section_fixed,tp,a0.9_f1.0_d2,analysis/cross_section_fixed_tp_funwake/a0.9_f1.0_d2,48,scripts/run_regret_cross_section.py --n-bearings 24 --n-inner-starts 2000 --inner-max-iter 5000 --k-liberal 2000 --deficit turbopark --ti 0.06 --schedule funwake_iter192 --chunk-size 25 --wind-speed 9.0 --n-bins 24 --distances-D 2 --wind-rose elliptical --ed-a 0.9 --ed-f 1.0 --wind-dir 270
64,cross_section_fixed,bast,a0.9_f1.0_d5,analysis/cross_section_fixed_funwake/a0.9_f1.0_d5,48,scripts/run_regret_cross_section.py --n-bearings 24 --n-inner-starts 2000 --inner-max-iter 5000 --k-liberal 2000 --deficit bastankhah --schedule funwake_iter192 --chunk-size 25 --wind-speed 9.0 --n-bins 24 --distances-D 5 --wind-rose elliptical --ed-a 0.9 --ed-f 1.0 --wind-dir 270
65,cross_section_fixed,tp,a0.9_f1.0_d5,analysis/cross_section_fixed_tp_funwake/a0.9_f1.0_d5,48,scripts/run_regret_cross_section.py --n-bearings 24 --n-inner-starts 2000 --inner-max-iter 5000 --k-liberal 2000 --deficit turbopark --ti 0.06 --schedule funwake_iter192 --chunk-size 25 --wind-speed 9.0 --n-bins 24 --distances-D 5 --wind-rose elliptical --ed-a 0.9 --ed-f 1.0 --wind-dir 270
66,cross_section_fixed,tp,a0.9_f1.0_d10,analysis/cross_section_fixed_tp_funwake/a0.9_f1.0_d10,48,scripts/run_regret_cross_section.py --n-bearings 24 --n-inner-starts 2000 --inner-max-iter 5000 --k-liberal 2000 --deficit turbopark --ti 0.06 --schedule funwake_iter192 --chunk-size 25 --wind-speed 9.0 --n-bins 24 --distances-D 10 --wind-rose elliptical --ed-a 0.9 --ed-f 1.0 --wind-dir 270
67,cross_section_fixed,bast,a0.9_f1.0_d15,analysis/cross_section_fixed_funwake/a0.9_f1.0_d15,48,scripts/run_regret_cross_section.py --n-bearings 24 --n-inner-starts 2000 --inner-max-iter 5000 --k-liberal 2000 --deficit bastankhah --schedule funwake_iter192 --chunk-size 25 --wind-speed 9.0 --n-bins 24 --distances-D 15 --wind-rose elliptical --ed-a 0.9 --ed-f 1.0 --wind-dir 270
68,cross_section_fixed,tp,a0.9_f1.0_d15,analysis/cross_section_fixed_tp_funwake/a0.9_f1.0_d15,48,scripts/run_regret_cross_section.py --n-bearings 24 --n-inner-starts 2000 --inner-max-iter 5000 --k-liberal 2000 --deficit turbopark --ti 0.06 --schedule funwake_iter192 --chunk-size 25 --wind-speed 9.0 --n-bins 24 --distances-D 15 --wind-rose elliptical --ed-a 0.9 --ed-f 1.0 --wind-dir 270
69,cross_section_fixed,bast,a0.9_f1.0_d20,analysis/cross_section_fixed_funwake/a0.9_f1.0_d20,48,scripts/run_regret_cross_section.py --n-bearings 24 --n-inner-starts 2000 --inner-max-iter 5000 --k-liberal 2000 --deficit bastankhah --schedule funwake_iter192 --chunk-size 25 --wind-speed 9.0 --n-bins 24 --distances-D 20 --wind-rose elliptical --ed-a 0.9 --ed-f 1.0 --wind-dir 270
70,cross_section_fixed,tp,a0.9_f1.0_d20,analysis/cross_section_fixed_tp_funwake/a0.9_f1.0_d20,48,scripts/run_regret_cross_section.py --n-bearings 24 --n-inner-starts 2000 --inner-max-iter 5000 --k-liberal 2000 --deficit turbopark --ti 0.06 --schedule funwake_iter192 --chunk-size 25 --wind-speed 9.0 --n-bins 24 --distances-D 20 --wind-rose elliptical --ed-a 0.9 --ed-f 1.0 --wind-dir 270
71,cross_section_fixed,tp,a0.9_f1.0_d30,analysis/cross_section_fixed_tp_funwake/a0.9_f1.0_d30,48,scripts/run_regret_cross_section.py --n-bearings 24 --n-inner-starts 2000 --inner-max-iter 5000 --k-liberal 2000 --deficit turbopark --ti 0.06 --schedule funwake_iter192 --chunk-size 25 --wind-speed 9.0 --n-bins 24 --distances-D 30 --wind-rose elliptical --ed-a 0.9 --ed-f 1.0 --wind-dir 270
72,cross_section_fixed,bast,a0.9_f1.0_d40,analysis/cross_section_fixed_funwake/a0.9_f1.0_d40,48,scripts/run_regret_cross_section.py --n-bearings 24 --n-inner-starts 2000 --inner-max-iter 5000 --k-liberal 2000 --deficit bastankhah --schedule funwake_iter192 --chunk-size 25 --wind-speed 9.0 --n-bins 24 --distances-D 40 --wind-rose elliptical --ed-a 0.9 --ed-f 1.0 --wind-dir 270
73,cross_section_fixed,bast,unidir90_d2,analysis/cross_section_fixed_funwake/unidir90_d2,48,scripts/run_regret_cross_section.py --n-bearings 24 --n-inner-starts 2000 --inner-max-iter 5000 --k-liberal 2000 --deficit bastankhah --schedule funwake_iter192 --chunk-size 25 --wind-speed 9.0 --n-bins 24 --distances-D 2 --wind-rose unidirectional --wind-dir 90
74,cross_section_fixed,tp,unidir90_d2,analysis/cross_section_fixed_tp_funwake/unidir90_d2,48,scripts/run_regret_cross_section.py --n-bearings 24 --n-inner-starts 2000 --inner-max-iter 5000 --k-liberal 2000 --deficit turbopark --ti 0.06 --schedule funwake_iter192 --chunk-size 25 --wind-speed 9.0 --n-bins 24 --distances-D 2 --wind-rose unidirectional --wind-dir 90
75,cross_section_fixed,bast,unidir90_d5,analysis/cross_section_fixed_funwake/unidir90_d5,48,scripts/run_regret_cross_section.py --n-bearings 24 --n-inner-starts 2000 --inner-max-iter 5000 --k-liberal 2000 --deficit bastankhah --schedule funwake_iter192 --chunk-size 25 --wind-speed 9.0 --n-bins 24 --distances-D 5 --wind-rose unidirectional --wind-dir 90
76,cross_section_fixed,tp,unidir90_d5,analysis/cross_section_fixed_tp_funwake/unidir90_d5,48,scripts/run_regret_cross_section.py --n-bearings 24 --n-inner-starts 2000 --inner-max-iter 5000 --k-liberal 2000 --deficit turbopark --ti 0.06 --schedule funwake_iter192 --chunk-size 25 --wind-speed 9.0 --n-bins 24 --distances-D 5 --wind-rose unidirectional --wind-dir 90
77,cross_section_fixed,bast,unidir90_d10,analysis/cross_section_fixed_funwake/unidir90_d10,48,scripts/run_regret_cross_section.py --n-bearings 24 --n-inner-starts 2000 --inner-max-iter 5000 --k-liberal 2000 --deficit bastankhah --schedule funwake_iter192 --chunk-size 25 --wind-speed 9.0 --n-bins 24 --distances-D 10 --wind-rose unidirectional --wind-dir 90
78,cross_section_fixed,tp,unidir90_d10,analysis/cross_section_fixed_tp_funwake/unidir90_d10,48,scripts/run_regret_cross_section.py --n-bearings 24 --n-inner-starts 2000 --inner-max-iter 5000 --k-liberal 2000 --deficit turbopark --ti 0.06 --schedule funwake_iter192 --chunk-size 25 --wind-speed 9.0 --n-bins 24 --distances-D 10 --wind-rose unidirectional --wind-dir 90
79,cross_section_fixed,bast,unidir90_d15,analysis/cross_section_fixed_funwake/unidir90_d15,48,scripts/run_regret_cross_section.py --n-bearings 24 --n-inner-starts 2000 --inner-max-iter 5000 --k-liberal 2000 --deficit bastankhah --schedule funwake_iter192 --chunk-size 25 --wind-speed 9.0 --n-bins 24 --distances-D 15 --wind-rose unidirectional --wind-dir 90
80,cross_section_fixed,tp,unidir90_d15,analysis/cross_section_fixed_tp_funwake/unidir90_d15,48,scripts/run_regret_cross_section.py --n-bearings 24 --n-inner-starts 2000 --inner-max-iter 5000 --k-liberal 2000 --deficit turbopark --ti 0.06 --schedule funwake_iter192 --chunk-size 25 --wind-speed 9.0 --n-bins 24 --distances-D 15 --wind-rose unidirectional --wind-dir 90
81,cross_section_fixed,bast,unidir90_d20,analysis/cross_section_fixed_funwake/unidir90_d20,48,scripts/run_regret_cross_section.py --n-bearings 24 --n-inner-starts 2000 --inner-max-iter 5000 --k-liberal 2000 --deficit bastankhah --schedule funwake_iter192 --chunk-size 25 --wind-speed 9.0 --n-bins 24 --distances-D 20 --wind-rose unidirectional --wind-dir 90
82,cross_section_fixed,tp,unidir90_d20,analysis/cross_section_fixed_tp_funwake/unidir90_d20,48,scripts/run_regret_cross_section.py --n-bearings 24 --n-inner-starts 2000 --inner-max-iter 5000 --k-liberal 2000 --deficit turbopark --ti 0.06 --schedule funwake_iter192 --chunk-size 25 --wind-speed 9.0 --n-bins 24 --distances-D 20 --wind-rose unidirectional --wind-dir 90
83,cross_section_fixed,bast,unidir90_d30,analysis/cross_section_fixed_funwake/unidir90_d30,48,scripts/run_regret_cross_section.py --n-bearings 24 --n-inner-starts 2000 --inner-max-iter 5000 --k-liberal 2000 --deficit bastankhah --schedule funwake_iter192 --chunk-size 25 --wind-speed 9.0 --n-bins 24 --distances-D 30 --wind-rose unidirectional --wind-dir 90
84,cross_section_fixed,tp,unidir90_d30,analysis/cross_section_fixed_tp_funwake/unidir90_d30,48,scripts/run_regret_cross_section.py --n-bearings 24 --n-inner-starts 2000 --inner-max-iter 5000 --k-liberal 2000 --deficit turbopark --ti 0.06 --schedule funwake_iter192 --chunk-size 25 --wind-speed 9.0 --n-bins 24 --distances-D 30 --wind-rose unidirectional --wind-dir 90
85,cross_section_fixed,bast,unidir90_d40,analysis/cross_section_fixed_funwake/unidir90_d40,48,scripts/run_regret_cross_section.py --n-bearings 24 --n-inner-starts 2000 --inner-max-iter 5000 --k-liberal 2000 --deficit bastankhah --schedule funwake_iter192 --chunk-size 25 --wind-speed 9.0 --n-bins 24 --distances-D 40 --wind-rose unidirectional --wind-dir 90
86,cross_section_fixed,tp,unidir90_d40,analysis/cross_section_fixed_tp_funwake/unidir90_d40,48,scripts/run_regret_cross_section.py --n-bearings 24 --n-inner-starts 2000 --inner-max-iter 5000 --k-liberal 2000 --deficit turbopark --ti 0.06 --schedule funwake_iter192 --chunk-size 25 --wind-speed 9.0 --n-bins 24 --distances-D 40 --wind-rose unidirectional --wind-dir 90
87,ablation_a_sweep,bast,a0.01_f1.0_d2,analysis/ablation_a_sweep_funwake/a0.01_f1.0_d2,48,scripts/run_regret_cross_section.py --n-bearings 24 --n-inner-starts 2000 --inner-max-iter 5000 --k-liberal 2000 --deficit bastankhah --schedule funwake_iter192 --chunk-size 25 --wind-speed 9.0 --n-bins 24 --distances-D 2 --wind-rose elliptical --ed-a 0.01 --ed-f 1.0 --wind-dir 270
88,ablation_a_sweep,tp,a0.01_f1.0_d2,analysis/ablation_a_sweep_tp_funwake/a0.01_f1.0_d2,48,scripts/run_regret_cross_section.py --n-bearings 24 --n-inner-starts 2000 --inner-max-iter 5000 --k-liberal 2000 --deficit turbopark --ti 0.06 --schedule funwake_iter192 --chunk-size 25 --wind-speed 9.0 --n-bins 24 --distances-D 2 --wind-rose elliptical --ed-a 0.01 --ed-f 1.0 --wind-dir 270
89,ablation_a_sweep,bast,a0.01_f1.0_d10,analysis/ablation_a_sweep_funwake/a0.01_f1.0_d10,48,scripts/run_regret_cross_section.py --n-bearings 24 --n-inner-starts 2000 --inner-max-iter 5000 --k-liberal 2000 --deficit bastankhah --schedule funwake_iter192 --chunk-size 25 --wind-speed 9.0 --n-bins 24 --distances-D 10 --wind-rose elliptical --ed-a 0.01 --ed-f 1.0 --wind-dir 270
90,ablation_a_sweep,tp,a0.01_f1.0_d10,analysis/ablation_a_sweep_tp_funwake/a0.01_f1.0_d10,48,scripts/run_regret_cross_section.py --n-bearings 24 --n-inner-starts 2000 --inner-max-iter 5000 --k-liberal 2000 --deficit turbopark --ti 0.06 --schedule funwake_iter192 --chunk-size 25 --wind-speed 9.0 --n-bins 24 --distances-D 10 --wind-rose elliptical --ed-a 0.01 --ed-f 1.0 --wind-dir 270
91,ablation_a_sweep,bast,a0.02_f1.0_d2,analysis/ablation_a_sweep_funwake/a0.02_f1.0_d2,48,scripts/run_regret_cross_section.py --n-bearings 24 --n-inner-starts 2000 --inner-max-iter 5000 --k-liberal 2000 --deficit bastankhah --schedule funwake_iter192 --chunk-size 25 --wind-speed 9.0 --n-bins 24 --distances-D 2 --wind-rose elliptical --ed-a 0.02 --ed-f 1.0 --wind-dir 270
92,ablation_a_sweep,bast,a0.02_f1.0_d10,analysis/ablation_a_sweep_funwake/a0.02_f1.0_d10,48,scripts/run_regret_cross_section.py --n-bearings 24 --n-inner-starts 2000 --inner-max-iter 5000 --k-liberal 2000 --deficit bastankhah --schedule funwake_iter192 --chunk-size 25 --wind-speed 9.0 --n-bins 24 --distances-D 10 --wind-rose elliptical --ed-a 0.02 --ed-f 1.0 --wind-dir 270
93,ablation_a_sweep,tp,a0.02_f1.0_d10,analysis/ablation_a_sweep_tp_funwake/a0.02_f1.0_d10,48,scripts/run_regret_cross_section.py --n-bearings 24 --n-inner-starts 2000 --inner-max-iter 5000 --k-liberal 2000 --deficit turbopark --ti 0.06 --schedule funwake_iter192 --chunk-size 25 --wind-speed 9.0 --n-bins 24 --distances-D 10 --wind-rose elliptical --ed-a 0.02 --ed-f 1.0 --wind-dir 270
94,ablation_a_sweep,bast,a0.03_f1.0_d2,analysis/ablation_a_sweep_funwake/a0.03_f1.0_d2,48,scripts/run_regret_cross_section.py --n-bearings 24 --n-inner-starts 2000 --inner-max-iter 5000 --k-liberal 2000 --deficit bastankhah --schedule funwake_iter192 --chunk-size 25 --wind-speed 9.0 --n-bins 24 --distances-D 2 --wind-rose elliptical --ed-a 0.03 --ed-f 1.0 --wind-dir 270
95,ablation_a_sweep,tp,a0.03_f1.0_d2,analysis/ablation_a_sweep_tp_funwake/a0.03_f1.0_d2,48,scripts/run_regret_cross_section.py --n-bearings 24 --n-inner-starts 2000 --inner-max-iter 5000 --k-liberal 2000 --deficit turbopark --ti 0.06 --schedule funwake_iter192 --chunk-size 25 --wind-speed 9.0 --n-bins 24 --distances-D 2 --wind-rose elliptical --ed-a 0.03 --ed-f 1.0 --wind-dir 270
96,ablation_a_sweep,bast,a0.03_f1.0_d10,analysis/ablation_a_sweep_funwake/a0.03_f1.0_d10,48,scripts/run_regret_cross_section.py --n-bearings 24 --n-inner-starts 2000 --inner-max-iter 5000 --k-liberal 2000 --deficit bastankhah --schedule funwake_iter192 --chunk-size 25 --wind-speed 9.0 --n-bins 24 --distances-D 10 --wind-rose elliptical --ed-a 0.03 --ed-f 1.0 --wind-dir 270
97,ablation_a_sweep,tp,a0.03_f1.0_d10,analysis/ablation_a_sweep_tp_funwake/a0.03_f1.0_d10,48,scripts/run_regret_cross_section.py --n-bearings 24 --n-inner-starts 2000 --inner-max-iter 5000 --k-liberal 2000 --deficit turbopark --ti 0.06 --schedule funwake_iter192 --chunk-size 25 --wind-speed 9.0 --n-bins 24 --distances-D 10 --wind-rose elliptical --ed-a 0.03 --ed-f 1.0 --wind-dir 270
98,ablation_a_sweep,bast,a0.04_f1.0_d2,analysis/ablation_a_sweep_funwake/a0.04_f1.0_d2,48,scripts/run_regret_cross_section.py --n-bearings 24 --n-inner-starts 2000 --inner-max-iter 5000 --k-liberal 2000 --deficit bastankhah --schedule funwake_iter192 --chunk-size 25 --wind-speed 9.0 --n-bins 24 --distances-D 2 --wind-rose elliptical --ed-a 0.04 --ed-f 1.0 --wind-dir 270
99,ablation_a_sweep,bast,a0.04_f1.0_d10,analysis/ablation_a_sweep_funwake/a0.04_f1.0_d10,48,scripts/run_regret_cross_section.py --n-bearings 24 --n-inner-starts 2000 --inner-max-iter 5000 --k-liberal 2000 --deficit bastankhah --schedule funwake_iter192 --chunk-size 25 --wind-speed 9.0 --n-bins 24 --distances-D 10 --wind-rose elliptical --ed-a 0.04 --ed-f 1.0 --wind-dir 270
100,ablation_a_sweep,tp,a0.04_f1.0_d10,analysis/ablation_a_sweep_tp_funwake/a0.04_f1.0_d10,48,scripts/run_regret_cross_section.py --n-bearings 24 --n-inner-starts 2000 --inner-max-iter 5000 --k-liberal 2000 --deficit turbopark --ti 0.06 --schedule funwake_iter192 --chunk-size 25 --wind-speed 9.0 --n-bins 24 --distances-D 10 --wind-rose elliptical --ed-a 0.04 --ed-f 1.0 --wind-dir 270
101,ablation_a_sweep,bast,a0.05_f1.0_d2,analysis/ablation_a_sweep_funwake/a0.05_f1.0_d2,48,scripts/run_regret_cross_section.py --n-bearings 24 --n-inner-starts 2000 --inner-max-iter 5000 --k-liberal 2000 --deficit bastankhah --schedule funwake_iter192 --chunk-size 25 --wind-speed 9.0 --n-bins 24 --distances-D 2 --wind-rose elliptical --ed-a 0.05 --ed-f 1.0 --wind-dir 270
102,ablation_a_sweep,tp,a0.05_f1.0_d2,analysis/ablation_a_sweep_tp_funwake/a0.05_f1.0_d2,48,scripts/run_regret_cross_section.py --n-bearings 24 --n-inner-starts 2000 --inner-max-iter 5000 --k-liberal 2000 --deficit turbopark --ti 0.06 --schedule funwake_iter192 --chunk-size 25 --wind-speed 9.0 --n-bins 24 --distances-D 2 --wind-rose elliptical --ed-a 0.05 --ed-f 1.0 --wind-dir 270
103,ablation_a_sweep,bast,a0.05_f1.0_d10,analysis/ablation_a_sweep_funwake/a0.05_f1.0_d10,48,scripts/run_regret_cross_section.py --n-bearings 24 --n-inner-starts 2000 --inner-max-iter 5000 --k-liberal 2000 --deficit bastankhah --schedule funwake_iter192 --chunk-size 25 --wind-speed 9.0 --n-bins 24 --distances-D 10 --wind-rose elliptical --ed-a 0.05 --ed-f 1.0 --wind-dir 270
104,ablation_a_sweep,tp,a0.05_f1.0_d10,analysis/ablation_a_sweep_tp_funwake/a0.05_f1.0_d10,48,scripts/run_regret_cross_section.py --n-bearings 24 --n-inner-starts 2000 --inner-max-iter 5000 --k-liberal 2000 --deficit turbopark --ti 0.06 --schedule funwake_iter192 --chunk-size 25 --wind-speed 9.0 --n-bins 24 --distances-D 10 --wind-rose elliptical --ed-a 0.05 --ed-f 1.0 --wind-dir 270
105,ablation_a_sweep,bast,a0.1_f1.0_d2,analysis/ablation_a_sweep_funwake/a0.1_f1.0_d2,48,scripts/run_regret_cross_section.py --n-bearings 24 --n-inner-starts 2000 --inner-max-iter 5000 --k-liberal 2000 --deficit bastankhah --schedule funwake_iter192 --chunk-size 25 --wind-speed 9.0 --n-bins 24 --distances-D 2 --wind-rose elliptical --ed-a 0.1 --ed-f 1.0 --wind-dir 270
106,ablation_a_sweep,tp,a0.1_f1.0_d2,analysis/ablation_a_sweep_tp_funwake/a0.1_f1.0_d2,48,scripts/run_regret_cross_section.py --n-bearings 24 --n-inner-starts 2000 --inner-max-iter 5000 --k-liberal 2000 --deficit turbopark --ti 0.06 --schedule funwake_iter192 --chunk-size 25 --wind-speed 9.0 --n-bins 24 --distances-D 2 --wind-rose elliptical --ed-a 0.1 --ed-f 1.0 --wind-dir 270
107,ablation_a_sweep,bast,a0.1_f1.0_d10,analysis/ablation_a_sweep_funwake/a0.1_f1.0_d10,48,scripts/run_regret_cross_section.py --n-bearings 24 --n-inner-starts 2000 --inner-max-iter 5000 --k-liberal 2000 --deficit bastankhah --schedule funwake_iter192 --chunk-size 25 --wind-speed 9.0 --n-bins 24 --distances-D 10 --wind-rose elliptical --ed-a 0.1 --ed-f 1.0 --wind-dir 270
108,ablation_a_sweep,tp,a0.1_f1.0_d10,analysis/ablation_a_sweep_tp_funwake/a0.1_f1.0_d10,48,scripts/run_regret_cross_section.py --n-bearings 24 --n-inner-starts 2000 --inner-max-iter 5000 --k-liberal 2000 --deficit turbopark --ti 0.06 --schedule funwake_iter192 --chunk-size 25 --wind-speed 9.0 --n-bins 24 --distances-D 10 --wind-rose elliptical --ed-a 0.1 --ed-f 1.0 --wind-dir 270
109,ablation_a_sweep,bast,a0.15_f1.0_d2,analysis/ablation_a_sweep_funwake/a0.15_f1.0_d2,48,scripts/run_regret_cross_section.py --n-bearings 24 --n-inner-starts 2000 --inner-max-iter 5000 --k-liberal 2000 --deficit bastankhah --schedule funwake_iter192 --chunk-size 25 --wind-speed 9.0 --n-bins 24 --distances-D 2 --wind-rose elliptical --ed-a 0.15 --ed-f 1.0 --wind-dir 270
110,ablation_a_sweep,tp,a0.15_f1.0_d2,analysis/ablation_a_sweep_tp_funwake/a0.15_f1.0_d2,48,scripts/run_regret_cross_section.py --n-bearings 24 --n-inner-starts 2000 --inner-max-iter 5000 --k-liberal 2000 --deficit turbopark --ti 0.06 --schedule funwake_iter192 --chunk-size 25 --wind-speed 9.0 --n-bins 24 --distances-D 2 --wind-rose elliptical --ed-a 0.15 --ed-f 1.0 --wind-dir 270
111,ablation_a_sweep,bast,a0.15_f1.0_d10,analysis/ablation_a_sweep_funwake/a0.15_f1.0_d10,48,scripts/run_regret_cross_section.py --n-bearings 24 --n-inner-starts 2000 --inner-max-iter 5000 --k-liberal 2000 --deficit bastankhah --schedule funwake_iter192 --chunk-size 25 --wind-speed 9.0 --n-bins 24 --distances-D 10 --wind-rose elliptical --ed-a 0.15 --ed-f 1.0 --wind-dir 270
112,ablation_a_sweep,bast,a0.2_f1.0_d2,analysis/ablation_a_sweep_funwake/a0.2_f1.0_d2,48,scripts/run_regret_cross_section.py --n-bearings 24 --n-inner-starts 2000 --inner-max-iter 5000 --k-liberal 2000 --deficit bastankhah --schedule funwake_iter192 --chunk-size 25 --wind-speed 9.0 --n-bins 24 --distances-D 2 --wind-rose elliptical --ed-a 0.2 --ed-f 1.0 --wind-dir 270
113,ablation_a_sweep,tp,a0.2_f1.0_d2,analysis/ablation_a_sweep_tp_funwake/a0.2_f1.0_d2,48,scripts/run_regret_cross_section.py --n-bearings 24 --n-inner-starts 2000 --inner-max-iter 5000 --k-liberal 2000 --deficit turbopark --ti 0.06 --schedule funwake_iter192 --chunk-size 25 --wind-speed 9.0 --n-bins 24 --distances-D 2 --wind-rose elliptical --ed-a 0.2 --ed-f 1.0 --wind-dir 270
114,ablation_a_sweep,bast,a0.2_f1.0_d10,analysis/ablation_a_sweep_funwake/a0.2_f1.0_d10,48,scripts/run_regret_cross_section.py --n-bearings 24 --n-inner-starts 2000 --inner-max-iter 5000 --k-liberal 2000 --deficit bastankhah --schedule funwake_iter192 --chunk-size 25 --wind-speed 9.0 --n-bins 24 --distances-D 10 --wind-rose elliptical --ed-a 0.2 --ed-f 1.0 --wind-dir 270
115,ablation_a_sweep,tp,a0.2_f1.0_d10,analysis/ablation_a_sweep_tp_funwake/a0.2_f1.0_d10,48,scripts/run_regret_cross_section.py --n-bearings 24 --n-inner-starts 2000 --inner-max-iter 5000 --k-liberal 2000 --deficit turbopark --ti 0.06 --schedule funwake_iter192 --chunk-size 25 --wind-speed 9.0 --n-bins 24 --distances-D 10 --wind-rose elliptical --ed-a 0.2 --ed-f 1.0 --wind-dir 270
116,ablation_a_sweep,bast,a0.25_f1.0_d2,analysis/ablation_a_sweep_funwake/a0.25_f1.0_d2,48,scripts/run_regret_cross_section.py --n-bearings 24 --n-inner-starts 2000 --inner-max-iter 5000 --k-liberal 2000 --deficit bastankhah --schedule funwake_iter192 --chunk-size 25 --wind-speed 9.0 --n-bins 24 --distances-D 2 --wind-rose elliptical --ed-a 0.25 --ed-f 1.0 --wind-dir 270
117,ablation_a_sweep,tp,a0.25_f1.0_d2,analysis/ablation_a_sweep_tp_funwake/a0.25_f1.0_d2,48,scripts/run_regret_cross_section.py --n-bearings 24 --n-inner-starts 2000 --inner-max-iter 5000 --k-liberal 2000 --deficit turbopark --ti 0.06 --schedule funwake_iter192 --chunk-size 25 --wind-speed 9.0 --n-bins 24 --distances-D 2 --wind-rose elliptical --ed-a 0.25 --ed-f 1.0 --wind-dir 270
118,ablation_a_sweep,bast,a0.25_f1.0_d10,analysis/ablation_a_sweep_funwake/a0.25_f1.0_d10,48,scripts/run_regret_cross_section.py --n-bearings 24 --n-inner-starts 2000 --inner-max-iter 5000 --k-liberal 2000 --deficit bastankhah --schedule funwake_iter192 --chunk-size 25 --wind-speed 9.0 --n-bins 24 --distances-D 10 --wind-rose elliptical --ed-a 0.25 --ed-f 1.0 --wind-dir 270
119,ablation_a_sweep,tp,a0.25_f1.0_d10,analysis/ablation_a_sweep_tp_funwake/a0.25_f1.0_d10,48,scripts/run_regret_cross_section.py --n-bearings 24 --n-inner-starts 2000 --inner-max-iter 5000 --k-liberal 2000 --deficit turbopark --ti 0.06 --schedule funwake_iter192 --chunk-size 25 --wind-speed 9.0 --n-bins 24 --distances-D 10 --wind-rose elliptical --ed-a 0.25 --ed-f 1.0 --wind-dir 270
120,ablation_a_sweep,bast,a0.3_f1.0_d2,analysis/ablation_a_sweep_funwake/a0.3_f1.0_d2,48,scripts/run_regret_cross_section.py --n-bearings 24 --n-inner-starts 2000 --inner-max-iter 5000 --k-liberal 2000 --deficit bastankhah --schedule funwake_iter192 --chunk-size 25 --wind-speed 9.0 --n-bins 24 --distances-D 2 --wind-rose elliptical --ed-a 0.3 --ed-f 1.0 --wind-dir 270
121,ablation_a_sweep,bast,a0.3_f1.0_d10,analysis/ablation_a_sweep_funwake/a0.3_f1.0_d10,48,scripts/run_regret_cross_section.py --n-bearings 24 --n-inner-starts 2000 --inner-max-iter 5000 --k-liberal 2000 --deficit bastankhah --schedule funwake_iter192 --chunk-size 25 --wind-speed 9.0 --n-bins 24 --distances-D 10 --wind-rose elliptical --ed-a 0.3 --ed-f 1.0 --wind-dir 270
122,ablation_a_sweep,tp,a0.3_f1.0_d10,analysis/ablation_a_sweep_tp_funwake/a0.3_f1.0_d10,48,scripts/run_regret_cross_section.py --n-bearings 24 --n-inner-starts 2000 --inner-max-iter 5000 --k-liberal 2000 --deficit turbopark --ti 0.06 --schedule funwake_iter192 --chunk-size 25 --wind-speed 9.0 --n-bins 24 --distances-D 10 --wind-rose elliptical --ed-a 0.3 --ed-f 1.0 --wind-dir 270
123,ablation_a_sweep,bast,a0.4_f1.0_d2,analysis/ablation_a_sweep_funwake/a0.4_f1.0_d2,48,scripts/run_regret_cross_section.py --n-bearings 24 --n-inner-starts 2000 --inner-max-iter 5000 --k-liberal 2000 --deficit bastankhah --schedule funwake_iter192 --chunk-size 25 --wind-speed 9.0 --n-bins 24 --distances-D 2 --wind-rose elliptical --ed-a 0.4 --ed-f 1.0 --wind-dir 270
124,ablation_a_sweep,tp,a0.4_f1.0_d2,analysis/ablation_a_sweep_tp_funwake/a0.4_f1.0_d2,48,scripts/run_regret_cross_section.py --n-bearings 24 --n-inner-starts 2000 --inner-max-iter 5000 --k-liberal 2000 --deficit turbopark --ti 0.06 --schedule funwake_iter192 --chunk-size 25 --wind-speed 9.0 --n-bins 24 --distances-D 2 --wind-rose elliptical --ed-a 0.4 --ed-f 1.0 --wind-dir 270
125,ablation_a_sweep,bast,a0.4_f1.0_d10,analysis/ablation_a_sweep_funwake/a0.4_f1.0_d10,48,scripts/run_regret_cross_section.py --n-bearings 24 --n-inner-starts 2000 --inner-max-iter 5000 --k-liberal 2000 --deficit bastankhah --schedule funwake_iter192 --chunk-size 25 --wind-speed 9.0 --n-bins 24 --distances-D 10 --wind-rose elliptical --ed-a 0.4 --ed-f 1.0 --wind-dir 270
126,ablation_a_sweep,tp,a0.4_f1.0_d10,analysis/ablation_a_sweep_tp_funwake/a0.4_f1.0_d10,48,scripts/run_regret_cross_section.py --n-bearings 24 --n-inner-starts 2000 --inner-max-iter 5000 --k-liberal 2000 --deficit turbopark --ti 0.06 --schedule funwake_iter192 --chunk-size 25 --wind-speed 9.0 --n-bins 24 --distances-D 10 --wind-rose elliptical --ed-a 0.4 --ed-f 1.0 --wind-dir 270
127,ablation_a_sweep,bast,a0.5_f1.0_d2,analysis/ablation_a_sweep_funwake/a0.5_f1.0_d2,48,scripts/run_regret_cross_section.py --n-bearings 24 --n-inner-starts 2000 --inner-max-iter 5000 --k-liberal 2000 --deficit bastankhah --schedule funwake_iter192 --chunk-size 25 --wind-speed 9.0 --n-bins 24 --distances-D 2 --wind-rose elliptical --ed-a 0.5 --ed-f 1.0 --wind-dir 270
128,ablation_a_sweep,tp,a0.5_f1.0_d2,analysis/ablation_a_sweep_tp_funwake/a0.5_f1.0_d2,48,scripts/run_regret_cross_section.py --n-bearings 24 --n-inner-starts 2000 --inner-max-iter 5000 --k-liberal 2000 --deficit turbopark --ti 0.06 --schedule funwake_iter192 --chunk-size 25 --wind-speed 9.0 --n-bins 24 --distances-D 2 --wind-rose elliptical --ed-a 0.5 --ed-f 1.0 --wind-dir 270
129,ablation_a_sweep,bast,a0.5_f1.0_d10,analysis/ablation_a_sweep_funwake/a0.5_f1.0_d10,48,scripts/run_regret_cross_section.py --n-bearings 24 --n-inner-starts 2000 --inner-max-iter 5000 --k-liberal 2000 --deficit bastankhah --schedule funwake_iter192 --chunk-size 25 --wind-speed 9.0 --n-bins 24 --distances-D 10 --wind-rose elliptical --ed-a 0.5 --ed-f 1.0 --wind-dir 270
130,ablation_a_sweep,tp,a0.5_f1.0_d10,analysis/ablation_a_sweep_tp_funwake/a0.5_f1.0_d10,48,scripts/run_regret_cross_section.py --n-bearings 24 --n-inner-starts 2000 --inner-max-iter 5000 --k-liberal 2000 --deficit turbopark --ti 0.06 --schedule funwake_iter192 --chunk-size 25 --wind-speed 9.0 --n-bins 24 --distances-D 10 --wind-rose elliptical --ed-a 0.5 --ed-f 1.0 --wind-dir 270
131,ablation_a_sweep,bast,a0.6_f1.0_d2,analysis/ablation_a_sweep_funwake/a0.6_f1.0_d2,48,scripts/run_regret_cross_section.py --n-bearings 24 --n-inner-starts 2000 --inner-max-iter 5000 --k-liberal 2000 --deficit bastankhah --schedule funwake_iter192 --chunk-size 25 --wind-speed 9.0 --n-bins 24 --distances-D 2 --wind-rose elliptical --ed-a 0.6 --ed-f 1.0 --wind-dir 270
132,ablation_a_sweep,tp,a0.6_f1.0_d2,analysis/ablation_a_sweep_tp_funwake/a0.6_f1.0_d2,48,scripts/run_regret_cross_section.py --n-bearings 24 --n-inner-starts 2000 --inner-max-iter 5000 --k-liberal 2000 --deficit turbopark --ti 0.06 --schedule funwake_iter192 --chunk-size 25 --wind-speed 9.0 --n-bins 24 --distances-D 2 --wind-rose elliptical --ed-a 0.6 --ed-f 1.0 --wind-dir 270
133,ablation_a_sweep,tp,a0.7_f1.0_d2,analysis/ablation_a_sweep_tp_funwake/a0.7_f1.0_d2,48,scripts/run_regret_cross_section.py --n-bearings 24 --n-inner-starts 2000 --inner-max-iter 5000 --k-liberal 2000 --deficit turbopark --ti 0.06 --schedule funwake_iter192 --chunk-size 25 --wind-speed 9.0 --n-bins 24 --distances-D 2 --wind-rose elliptical --ed-a 0.7 --ed-f 1.0 --wind-dir 270
134,ablation_a_sweep,bast,a0.7_f1.0_d10,analysis/ablation_a_sweep_funwake/a0.7_f1.0_d10,48,scripts/run_regret_cross_section.py --n-bearings 24 --n-inner-starts 2000 --inner-max-iter 5000 --k-liberal 2000 --deficit bastankhah --schedule funwake_iter192 --chunk-size 25 --wind-speed 9.0 --n-bins 24 --distances-D 10 --wind-rose elliptical --ed-a 0.7 --ed-f 1.0 --wind-dir 270
135,ablation_a_sweep,tp,a0.7_f1.0_d10,analysis/ablation_a_sweep_tp_funwake/a0.7_f1.0_d10,48,scripts/run_regret_cross_section.py --n-bearings 24 --n-inner-starts 2000 --inner-max-iter 5000 --k-liberal 2000 --deficit turbopark --ti 0.06 --schedule funwake_iter192 --chunk-size 25 --wind-speed 9.0 --n-bins 24 --distances-D 10 --wind-rose elliptical --ed-a 0.7 --ed-f 1.0 --wind-dir 270
136,ablation_a_sweep,bast,a0.8_f1.0_d2,analysis/ablation_a_sweep_funwake/a0.8_f1.0_d2,48,scripts/run_regret_cross_section.py --n-bearings 24 --n-inner-starts 2000 --inner-max-iter 5000 --k-liberal 2000 --deficit bastankhah --schedule funwake_iter192 --chunk-size 25 --wind-speed 9.0 --n-bins 24 --distances-D 2 --wind-rose elliptical --ed-a 0.8 --ed-f 1.0 --wind-dir 270
137,ablation_a_sweep,tp,a0.8_f1.0_d2,analysis/ablation_a_sweep_tp_funwake/a0.8_f1.0_d2,48,scripts/run_regret_cross_section.py --n-bearings 24 --n-inner-starts 2000 --inner-max-iter 5000 --k-liberal 2000 --deficit turbopark --ti 0.06 --schedule funwake_iter192 --chunk-size 25 --wind-speed 9.0 --n-bins 24 --distances-D 2 --wind-rose elliptical --ed-a 0.8 --ed-f 1.0 --wind-dir 270
138,ablation_a_sweep,bast,a0.8_f1.0_d10,analysis/ablation_a_sweep_funwake/a0.8_f1.0_d10,48,scripts/run_regret_cross_section.py --n-bearings 24 --n-inner-starts 2000 --inner-max-iter 5000 --k-liberal 2000 --deficit bastankhah --schedule funwake_iter192 --chunk-size 25 --wind-speed 9.0 --n-bins 24 --distances-D 10 --wind-rose elliptical --ed-a 0.8 --ed-f 1.0 --wind-dir 270
139,ablation_a_sweep,bast,a0.9_f1.0_d2,analysis/ablation_a_sweep_funwake/a0.9_f1.0_d2,48,scripts/run_regret_cross_section.py --n-bearings 24 --n-inner-starts 2000 --inner-max-iter 5000 --k-liberal 2000 --deficit bastankhah --schedule funwake_iter192 --chunk-size 25 --wind-speed 9.0 --n-bins 24 --distances-D 2 --wind-rose elliptical --ed-a 0.9 --ed-f 1.0 --wind-dir 270
140,ablation_a_sweep,tp,a0.9_f1.0_d2,analysis/ablation_a_sweep_tp_funwake/a0.9_f1.0_d2,48,scripts/run_regret_cross_section.py --n-bearings 24 --n-inner-starts 2000 --inner-max-iter 5000 --k-liberal 2000 --deficit turbopark --ti 0.06 --schedule funwake_iter192 --chunk-size 25 --wind-speed 9.0 --n-bins 24 --distances-D 2 --wind-rose elliptical --ed-a 0.9 --ed-f 1.0 --wind-dir 270
141,ablation_a_sweep,bast,a0.9_f1.0_d10,analysis/ablation_a_sweep_funwake/a0.9_f1.0_d10,48,scripts/run_regret_cross_section.py --n-bearings 24 --n-inner-starts 2000 --inner-max-iter 5000 --k-liberal 2000 --deficit bastankhah --schedule funwake_iter192 --chunk-size 25 --wind-speed 9.0 --n-bins 24 --distances-D 10 --wind-rose elliptical --ed-a 0.9 --ed-f 1.0 --wind-dir 270
142,ablation_a_sweep,tp,a0.9_f1.0_d10,analysis/ablation_a_sweep_tp_funwake/a0.9_f1.0_d10,48,scripts/run_regret_cross_section.py --n-bearings 24 --n-inner-starts 2000 --inner-max-iter 5000 --k-liberal 2000 --deficit turbopark --ti 0.06 --schedule funwake_iter192 --chunk-size 25 --wind-speed 9.0 --n-bins 24 --distances-D 10 --wind-rose elliptical --ed-a 0.9 --ed-f 1.0 --wind-dir 270
143,ablation_a_sweep,tp,a0.95_f1.0_d2,analysis/ablation_a_sweep_tp_funwake/a0.95_f1.0_d2,48,scripts/run_regret_cross_section.py --n-bearings 24 --n-inner-starts 2000 --inner-max-iter 5000 --k-liberal 2000 --deficit turbopark --ti 0.06 --schedule funwake_iter192 --chunk-size 25 --wind-speed 9.0 --n-bins 24 --distances-D 2 --wind-rose elliptical --ed-a 0.95 --ed-f 1.0 --wind-dir 270
144,ablation_a_sweep,bast,a0.95_f1.0_d10,analysis/ablation_a_sweep_funwake/a0.95_f1.0_d10,48,scripts/run_regret_cross_section.py --n-bearings 24 --n-inner-starts 2000 --inner-max-iter 5000 --k-liberal 2000 --deficit bastankhah --schedule funwake_iter192 --chunk-size 25 --wind-speed 9.0 --n-bins 24 --distances-D 10 --wind-rose elliptical --ed-a 0.95 --ed-f 1.0 --wind-dir 270
145,ablation_a_sweep,tp,a0.95_f1.0_d10,analysis/ablation_a_sweep_tp_funwake/a0.95_f1.0_d10,48,scripts/run_regret_cross_section.py --n-bearings 24 --n-inner-starts 2000 --inner-max-iter 5000 --k-liberal 2000 --deficit turbopark --ti 0.06 --schedule funwake_iter192 --chunk-size 25 --wind-speed 9.0 --n-bins 24 --distances-D 10 --wind-rose elliptical --ed-a 0.95 --ed-f 1.0 --wind-dir 270
146,ablation_a_sweep,bast,a0.98_f1.0_d2,analysis/ablation_a_sweep_funwake/a0.98_f1.0_d2,48,scripts/run_regret_cross_section.py --n-bearings 24 --n-inner-starts 2000 --inner-max-iter 5000 --k-liberal 2000 --deficit bastankhah --schedule funwake_iter192 --chunk-size 25 --wind-speed 9.0 --n-bins 24 --distances-D 2 --wind-rose elliptical --ed-a 0.98 --ed-f 1.0 --wind-dir 270
147,ablation_a_sweep,tp,a0.98_f1.0_d2,analysis/ablation_a_sweep_tp_funwake/a0.98_f1.0_d2,48,scripts/run_regret_cross_section.py --n-bearings 24 --n-inner-starts 2000 --inner-max-iter 5000 --k-liberal 2000 --deficit turbopark --ti 0.06 --schedule funwake_iter192 --chunk-size 25 --wind-speed 9.0 --n-bins 24 --distances-D 2 --wind-rose elliptical --ed-a 0.98 --ed-f 1.0 --wind-dir 270
148,ablation_a_sweep,tp,a0.98_f1.0_d10,analysis/ablation_a_sweep_tp_funwake/a0.98_f1.0_d10,48,scripts/run_regret_cross_section.py --n-bearings 24 --n-inner-starts 2000 --inner-max-iter 5000 --k-liberal 2000 --deficit turbopark --ti 0.06 --schedule funwake_iter192 --chunk-size 25 --wind-speed 9.0 --n-bins 24 --distances-D 10 --wind-rose elliptical --ed-a 0.98 --ed-f 1.0 --wind-dir 270
149,ablation_a_sweep,bast,a0.99_f1.0_d2,analysis/ablation_a_sweep_funwake/a0.99_f1.0_d2,48,scripts/run_regret_cross_section.py --n-bearings 24 --n-inner-starts 2000 --inner-max-iter 5000 --k-liberal 2000 --deficit bastankhah --schedule funwake_iter192 --chunk-size 25 --wind-speed 9.0 --n-bins 24 --distances-D 2 --wind-rose elliptical --ed-a 0.99 --ed-f 1.0 --wind-dir 270
150,ablation_a_sweep,tp,a0.99_f1.0_d2,analysis/ablation_a_sweep_tp_funwake/a0.99_f1.0_d2,48,scripts/run_regret_cross_section.py --n-bearings 24 --n-inner-starts 2000 --inner-max-iter 5000 --k-liberal 2000 --deficit turbopark --ti 0.06 --schedule funwake_iter192 --chunk-size 25 --wind-speed 9.0 --n-bins 24 --distances-D 2 --wind-rose elliptical --ed-a 0.99 --ed-f 1.0 --wind-dir 270
151,ablation_a_sweep,bast,a0.99_f1.0_d10,analysis/ablation_a_sweep_funwake/a0.99_f1.0_d10,48,scripts/run_regret_cross_section.py --n-bearings 24 --n-inner-starts 2000 --inner-max-iter 5000 --k-liberal 2000 --deficit bastankhah --schedule funwake_iter192 --chunk-size 25 --wind-speed 9.0 --n-bins 24 --distances-D 10 --wind-rose elliptical --ed-a 0.99 --ed-f 1.0 --wind-dir 270
152,ablation_a_sweep,tp,a0.99_f1.0_d10,analysis/ablation_a_sweep_tp_funwake/a0.99_f1.0_d10,48,scripts/run_regret_cross_section.py --n-bearings 24 --n-inner-starts 2000 --inner-max-iter 5000 --k-liberal 2000 --deficit turbopark --ti 0.06 --schedule funwake_iter192 --chunk-size 25 --wind-speed 9.0 --n-bins 24 --distances-D 10 --wind-rose elliptical --ed-a 0.99 --ed-f 1.0 --wind-dir 270
153,ablation_a_sweep,bast,a1.0_f1.0_d2,analysis/ablation_a_sweep_funwake/a1.0_f1.0_d2,48,scripts/run_regret_cross_section.py --n-bearings 24 --n-inner-starts 2000 --inner-max-iter 5000 --k-liberal 2000 --deficit bastankhah --schedule funwake_iter192 --chunk-size 25 --wind-speed 9.0 --n-bins 24 --distances-D 2 --wind-rose elliptical --ed-a 1.0 --ed-f 1.0 --wind-dir 270
154,ablation_a_sweep,tp,a1.0_f1.0_d2,analysis/ablation_a_sweep_tp_funwake/a1.0_f1.0_d2,48,scripts/run_regret_cross_section.py --n-bearings 24 --n-inner-starts 2000 --inner-max-iter 5000 --k-liberal 2000 --deficit turbopark --ti 0.06 --schedule funwake_iter192 --chunk-size 25 --wind-speed 9.0 --n-bins 24 --distances-D 2 --wind-rose elliptical --ed-a 1.0 --ed-f 1.0 --wind-dir 270
155,ablation_a_sweep,bast,a1.0_f1.0_d10,analysis/ablation_a_sweep_funwake/a1.0_f1.0_d10,48,scripts/run_regret_cross_section.py --n-bearings 24 --n-inner-starts 2000 --inner-max-iter 5000 --k-liberal 2000 --deficit bastankhah --schedule funwake_iter192 --chunk-size 25 --wind-speed 9.0 --n-bins 24 --distances-D 10 --wind-rose elliptical --ed-a 1.0 --ed-f 1.0 --wind-dir 270
156,ablation_a_sweep,tp,a1.0_f1.0_d10,analysis/ablation_a_sweep_tp_funwake/a1.0_f1.0_d10,48,scripts/run_regret_cross_section.py --n-bearings 24 --n-inner-starts 2000 --inner-max-iter 5000 --k-liberal 2000 --deficit turbopark --ti 0.06 --schedule funwake_iter192 --chunk-size 25 --wind-speed 9.0 --n-bins 24 --distances-D 10 --wind-rose elliptical --ed-a 1.0 --ed-f 1.0 --wind-dir 270
157,ablation_a_sweep,bast,a1.5_f1.0_d2,analysis/ablation_a_sweep_funwake/a1.5_f1.0_d2,48,scripts/run_regret_cross_section.py --n-bearings 24 --n-inner-starts 2000 --inner-max-iter 5000 --k-liberal 2000 --deficit bastankhah --schedule funwake_iter192 --chunk-size 25 --wind-speed 9.0 --n-bins 24 --distances-D 2 --wind-rose elliptical --ed-a 1.5 --ed-f 1.0 --wind-dir 270
158,ablation_a_sweep,bast,a1.5_f1.0_d10,analysis/ablation_a_sweep_funwake/a1.5_f1.0_d10,48,scripts/run_regret_cross_section.py --n-bearings 24 --n-inner-starts 2000 --inner-max-iter 5000 --k-liberal 2000 --deficit bastankhah --schedule funwake_iter192 --chunk-size 25 --wind-speed 9.0 --n-bins 24 --distances-D 10 --wind-rose elliptical --ed-a 1.5 --ed-f 1.0 --wind-dir 270
159,ablation_a_sweep,tp,a1.5_f1.0_d10,analysis/ablation_a_sweep_tp_funwake/a1.5_f1.0_d10,48,scripts/run_regret_cross_section.py --n-bearings 24 --n-inner-starts 2000 --inner-max-iter 5000 --k-liberal 2000 --deficit turbopark --ti 0.06 --schedule funwake_iter192 --chunk-size 25 --wind-speed 9.0 --n-bins 24 --distances-D 10 --wind-rose elliptical --ed-a 1.5 --ed-f 1.0 --wind-dir 270
160,ablation_a_sweep,bast,a2.0_f1.0_d2,analysis/ablation_a_sweep_funwake/a2.0_f1.0_d2,48,scripts/run_regret_cross_section.py --n-bearings 24 --n-inner-starts 2000 --inner-max-iter 5000 --k-liberal 2000 --deficit bastankhah --schedule funwake_iter192 --chunk-size 25 --wind-speed 9.0 --n-bins 24 --distances-D 2 --wind-rose elliptical --ed-a 2.0 --ed-f 1.0 --wind-dir 270
161,ablation_a_sweep,tp,a2.0_f1.0_d2,analysis/ablation_a_sweep_tp_funwake/a2.0_f1.0_d2,48,scripts/run_regret_cross_section.py --n-bearings 24 --n-inner-starts 2000 --inner-max-iter 5000 --k-liberal 2000 --deficit turbopark --ti 0.06 --schedule funwake_iter192 --chunk-size 25 --wind-speed 9.0 --n-bins 24 --distances-D 2 --wind-rose elliptical --ed-a 2.0 --ed-f 1.0 --wind-dir 270
162,ablation_a_sweep,bast,a2.0_f1.0_d10,analysis/ablation_a_sweep_funwake/a2.0_f1.0_d10,48,scripts/run_regret_cross_section.py --n-bearings 24 --n-inner-starts 2000 --inner-max-iter 5000 --k-liberal 2000 --deficit bastankhah --schedule funwake_iter192 --chunk-size 25 --wind-speed 9.0 --n-bins 24 --distances-D 10 --wind-rose elliptical --ed-a 2.0 --ed-f 1.0 --wind-dir 270
163,ablation_a_sweep,tp,a2.0_f1.0_d10,analysis/ablation_a_sweep_tp_funwake/a2.0_f1.0_d10,48,scripts/run_regret_cross_section.py --n-bearings 24 --n-inner-starts 2000 --inner-max-iter 5000 --k-liberal 2000 --deficit turbopark --ti 0.06 --schedule funwake_iter192 --chunk-size 25 --wind-speed 9.0 --n-bins 24 --distances-D 10 --wind-rose elliptical --ed-a 2.0 --ed-f 1.0 --wind-dir 270
164,ablation_a_sweep,bast,a3.0_f1.0_d2,analysis/ablation_a_sweep_funwake/a3.0_f1.0_d2,48,scripts/run_regret_cross_section.py --n-bearings 24 --n-inner-starts 2000 --inner-max-iter 5000 --k-liberal 2000 --deficit bastankhah --schedule funwake_iter192 --chunk-size 25 --wind-speed 9.0 --n-bins 24 --distances-D 2 --wind-rose elliptical --ed-a 3.0 --ed-f 1.0 --wind-dir 270
165,ablation_a_sweep,tp,a3.0_f1.0_d2,analysis/ablation_a_sweep_tp_funwake/a3.0_f1.0_d2,48,scripts/run_regret_cross_section.py --n-bearings 24 --n-inner-starts 2000 --inner-max-iter 5000 --k-liberal 2000 --deficit turbopark --ti 0.06 --schedule funwake_iter192 --chunk-size 25 --wind-speed 9.0 --n-bins 24 --distances-D 2 --wind-rose elliptical --ed-a 3.0 --ed-f 1.0 --wind-dir 270
166,ablation_a_sweep,bast,a3.0_f1.0_d10,analysis/ablation_a_sweep_funwake/a3.0_f1.0_d10,48,scripts/run_regret_cross_section.py --n-bearings 24 --n-inner-starts 2000 --inner-max-iter 5000 --k-liberal 2000 --deficit bastankhah --schedule funwake_iter192 --chunk-size 25 --wind-speed 9.0 --n-bins 24 --distances-D 10 --wind-rose elliptical --ed-a 3.0 --ed-f 1.0 --wind-dir 270
167,ablation_a_sweep,tp,a3.0_f1.0_d10,analysis/ablation_a_sweep_tp_funwake/a3.0_f1.0_d10,48,scripts/run_regret_cross_section.py --n-bearings 24 --n-inner-starts 2000 --inner-max-iter 5000 --k-liberal 2000 --deficit turbopark --ti 0.06 --schedule funwake_iter192 --chunk-size 25 --wind-speed 9.0 --n-bins 24 --distances-D 10 --wind-rose elliptical --ed-a 3.0 --ed-f 1.0 --wind-dir 270
168,ablation_a_sweep,bast,a5.0_f1.0_d2,analysis/ablation_a_sweep_funwake/a5.0_f1.0_d2,48,scripts/run_regret_cross_section.py --n-bearings 24 --n-inner-starts 2000 --inner-max-iter 5000 --k-liberal 2000 --deficit bastankhah --schedule funwake_iter192 --chunk-size 25 --wind-speed 9.0 --n-bins 24 --distances-D 2 --wind-rose elliptical --ed-a 5.0 --ed-f 1.0 --wind-dir 270
169,ablation_a_sweep,tp,a5.0_f1.0_d2,analysis/ablation_a_sweep_tp_funwake/a5.0_f1.0_d2,48,scripts/run_regret_cross_section.py --n-bearings 24 --n-inner-starts 2000 --inner-max-iter 5000 --k-liberal 2000 --deficit turbopark --ti 0.06 --schedule funwake_iter192 --chunk-size 25 --wind-speed 9.0 --n-bins 24 --distances-D 2 --wind-rose elliptical --ed-a 5.0 --ed-f 1.0 --wind-dir 270
170,ablation_a_sweep,bast,a5.0_f1.0_d10,analysis/ablation_a_sweep_funwake/a5.0_f1.0_d10,48,scripts/run_regret_cross_section.py --n-bearings 24 --n-inner-starts 2000 --inner-max-iter 5000 --k-liberal 2000 --deficit bastankhah --schedule funwake_iter192 --chunk-size 25 --wind-speed 9.0 --n-bins 24 --distances-D 10 --wind-rose elliptical --ed-a 5.0 --ed-f 1.0 --wind-dir 270
171,ablation_a_sweep,tp,a5.0_f1.0_d10,analysis/ablation_a_sweep_tp_funwake/a5.0_f1.0_d10,48,scripts/run_regret_cross_section.py --n-bearings 24 --n-inner-starts 2000 --inner-max-iter 5000 --k-liberal 2000 --deficit turbopark --ti 0.06 --schedule funwake_iter192 --chunk-size 25 --wind-speed 9.0 --n-bins 24 --distances-D 10 --wind-rose elliptical --ed-a 5.0 --ed-f 1.0 --wind-dir 270
172,ablation_f_sweep,bast,a0.9_f0.0_d2,analysis/ablation_f_sweep_funwake/a0.9_f0.0_d2,48,scripts/run_regret_cross_section.py --n-bearings 24 --n-inner-starts 2000 --inner-max-iter 5000 --k-liberal 2000 --deficit bastankhah --schedule funwake_iter192 --chunk-size 25 --wind-speed 9.0 --n-bins 24 --distances-D 2 --wind-rose elliptical --ed-a 0.9 --ed-f 0.0 --wind-dir 270
173,ablation_f_sweep,tp,a0.9_f0.0_d2,analysis/ablation_f_sweep_tp_funwake/a0.9_f0.0_d2,48,scripts/run_regret_cross_section.py --n-bearings 24 --n-inner-starts 2000 --inner-max-iter 5000 --k-liberal 2000 --deficit turbopark --ti 0.06 --schedule funwake_iter192 --chunk-size 25 --wind-speed 9.0 --n-bins 24 --distances-D 2 --wind-rose elliptical --ed-a 0.9 --ed-f 0.0 --wind-dir 270
174,ablation_f_sweep,bast,a0.9_f0.05_d2,analysis/ablation_f_sweep_funwake/a0.9_f0.05_d2,48,scripts/run_regret_cross_section.py --n-bearings 24 --n-inner-starts 2000 --inner-max-iter 5000 --k-liberal 2000 --deficit bastankhah --schedule funwake_iter192 --chunk-size 25 --wind-speed 9.0 --n-bins 24 --distances-D 2 --wind-rose elliptical --ed-a 0.9 --ed-f 0.05 --wind-dir 270
175,ablation_f_sweep,tp,a0.9_f0.05_d2,analysis/ablation_f_sweep_tp_funwake/a0.9_f0.05_d2,48,scripts/run_regret_cross_section.py --n-bearings 24 --n-inner-starts 2000 --inner-max-iter 5000 --k-liberal 2000 --deficit turbopark --ti 0.06 --schedule funwake_iter192 --chunk-size 25 --wind-speed 9.0 --n-bins 24 --distances-D 2 --wind-rose elliptical --ed-a 0.9 --ed-f 0.05 --wind-dir 270
176,ablation_f_sweep,tp,a0.9_f0.1_d2,analysis/ablation_f_sweep_tp_funwake/a0.9_f0.1_d2,48,scripts/run_regret_cross_section.py --n-bearings 24 --n-inner-starts 2000 --inner-max-iter 5000 --k-liberal 2000 --deficit turbopark --ti 0.06 --schedule funwake_iter192 --chunk-size 25 --wind-speed 9.0 --n-bins 24 --distances-D 2 --wind-rose elliptical --ed-a 0.9 --ed-f 0.1 --wind-dir 270
177,ablation_f_sweep,bast,a0.9_f0.15_d2,analysis/ablation_f_sweep_funwake/a0.9_f0.15_d2,48,scripts/run_regret_cross_section.py --n-bearings 24 --n-inner-starts 2000 --inner-max-iter 5000 --k-liberal 2000 --deficit bastankhah --schedule funwake_iter192 --chunk-size 25 --wind-speed 9.0 --n-bins 24 --distances-D 2 --wind-rose elliptical --ed-a 0.9 --ed-f 0.15 --wind-dir 270
178,ablation_f_sweep,tp,a0.9_f0.15_d2,analysis/ablation_f_sweep_tp_funwake/a0.9_f0.15_d2,48,scripts/run_regret_cross_section.py --n-bearings 24 --n-inner-starts 2000 --inner-max-iter 5000 --k-liberal 2000 --deficit turbopark --ti 0.06 --schedule funwake_iter192 --chunk-size 25 --wind-speed 9.0 --n-bins 24 --distances-D 2 --wind-rose elliptical --ed-a 0.9 --ed-f 0.15 --wind-dir 270
179,ablation_f_sweep,bast,a0.9_f0.2_d2,analysis/ablation_f_sweep_funwake/a0.9_f0.2_d2,48,scripts/run_regret_cross_section.py --n-bearings 24 --n-inner-starts 2000 --inner-max-iter 5000 --k-liberal 2000 --deficit bastankhah --schedule funwake_iter192 --chunk-size 25 --wind-speed 9.0 --n-bins 24 --distances-D 2 --wind-rose elliptical --ed-a 0.9 --ed-f 0.2 --wind-dir 270
180,ablation_f_sweep,tp,a0.9_f0.2_d2,analysis/ablation_f_sweep_tp_funwake/a0.9_f0.2_d2,48,scripts/run_regret_cross_section.py --n-bearings 24 --n-inner-starts 2000 --inner-max-iter 5000 --k-liberal 2000 --deficit turbopark --ti 0.06 --schedule funwake_iter192 --chunk-size 25 --wind-speed 9.0 --n-bins 24 --distances-D 2 --wind-rose elliptical --ed-a 0.9 --ed-f 0.2 --wind-dir 270
181,ablation_f_sweep,bast,a0.9_f0.25_d2,analysis/ablation_f_sweep_funwake/a0.9_f0.25_d2,48,scripts/run_regret_cross_section.py --n-bearings 24 --n-inner-starts 2000 --inner-max-iter 5000 --k-liberal 2000 --deficit bastankhah --schedule funwake_iter192 --chunk-size 25 --wind-speed 9.0 --n-bins 24 --distances-D 2 --wind-rose elliptical --ed-a 0.9 --ed-f 0.25 --wind-dir 270
182,ablation_f_sweep,tp,a0.9_f0.25_d2,analysis/ablation_f_sweep_tp_funwake/a0.9_f0.25_d2,48,scripts/run_regret_cross_section.py --n-bearings 24 --n-inner-starts 2000 --inner-max-iter 5000 --k-liberal 2000 --deficit turbopark --ti 0.06 --schedule funwake_iter192 --chunk-size 25 --wind-speed 9.0 --n-bins 24 --distances-D 2 --wind-rose elliptical --ed-a 0.9 --ed-f 0.25 --wind-dir 270
183,ablation_f_sweep,bast,a0.9_f0.3_d2,analysis/ablation_f_sweep_funwake/a0.9_f0.3_d2,48,scripts/run_regret_cross_section.py --n-bearings 24 --n-inner-starts 2000 --inner-max-iter 5000 --k-liberal 2000 --deficit bastankhah --schedule funwake_iter192 --chunk-size 25 --wind-speed 9.0 --n-bins 24 --distances-D 2 --wind-rose elliptical --ed-a 0.9 --ed-f 0.3 --wind-dir 270
184,ablation_f_sweep,tp,a0.9_f0.3_d2,analysis/ablation_f_sweep_tp_funwake/a0.9_f0.3_d2,48,scripts/run_regret_cross_section.py --n-bearings 24 --n-inner-starts 2000 --inner-max-iter 5000 --k-liberal 2000 --deficit turbopark --ti 0.06 --schedule funwake_iter192 --chunk-size 25 --wind-speed 9.0 --n-bins 24 --distances-D 2 --wind-rose elliptical --ed-a 0.9 --ed-f 0.3 --wind-dir 270
185,ablation_f_sweep,bast,a0.9_f0.35_d2,analysis/ablation_f_sweep_funwake/a0.9_f0.35_d2,48,scripts/run_regret_cross_section.py --n-bearings 24 --n-inner-starts 2000 --inner-max-iter 5000 --k-liberal 2000 --deficit bastankhah --schedule funwake_iter192 --chunk-size 25 --wind-speed 9.0 --n-bins 24 --distances-D 2 --wind-rose elliptical --ed-a 0.9 --ed-f 0.35 --wind-dir 270
186,ablation_f_sweep,tp,a0.9_f0.35_d2,analysis/ablation_f_sweep_tp_funwake/a0.9_f0.35_d2,48,scripts/run_regret_cross_section.py --n-bearings 24 --n-inner-starts 2000 --inner-max-iter 5000 --k-liberal 2000 --deficit turbopark --ti 0.06 --schedule funwake_iter192 --chunk-size 25 --wind-speed 9.0 --n-bins 24 --distances-D 2 --wind-rose elliptical --ed-a 0.9 --ed-f 0.35 --wind-dir 270
187,ablation_f_sweep,bast,a0.9_f0.4_d2,analysis/ablation_f_sweep_funwake/a0.9_f0.4_d2,48,scripts/run_regret_cross_section.py --n-bearings 24 --n-inner-starts 2000 --inner-max-iter 5000 --k-liberal 2000 --deficit bastankhah --schedule funwake_iter192 --chunk-size 25 --wind-speed 9.0 --n-bins 24 --distances-D 2 --wind-rose elliptical --ed-a 0.9 --ed-f 0.4 --wind-dir 270
188,ablation_f_sweep,tp,a0.9_f0.4_d2,analysis/ablation_f_sweep_tp_funwake/a0.9_f0.4_d2,48,scripts/run_regret_cross_section.py --n-bearings 24 --n-inner-starts 2000 --inner-max-iter 5000 --k-liberal 2000 --deficit turbopark --ti 0.06 --schedule funwake_iter192 --chunk-size 25 --wind-speed 9.0 --n-bins 24 --distances-D 2 --wind-rose elliptical --ed-a 0.9 --ed-f 0.4 --wind-dir 270
189,ablation_f_sweep,bast,a0.9_f0.45_d2,analysis/ablation_f_sweep_funwake/a0.9_f0.45_d2,48,scripts/run_regret_cross_section.py --n-bearings 24 --n-inner-starts 2000 --inner-max-iter 5000 --k-liberal 2000 --deficit bastankhah --schedule funwake_iter192 --chunk-size 25 --wind-speed 9.0 --n-bins 24 --distances-D 2 --wind-rose elliptical --ed-a 0.9 --ed-f 0.45 --wind-dir 270
190,ablation_f_sweep,tp,a0.9_f0.45_d2,analysis/ablation_f_sweep_tp_funwake/a0.9_f0.45_d2,48,scripts/run_regret_cross_section.py --n-bearings 24 --n-inner-starts 2000 --inner-max-iter 5000 --k-liberal 2000 --deficit turbopark --ti 0.06 --schedule funwake_iter192 --chunk-size 25 --wind-speed 9.0 --n-bins 24 --distances-D 2 --wind-rose elliptical --ed-a 0.9 --ed-f 0.45 --wind-dir 270
191,ablation_f_sweep,tp,a0.9_f0.5_d2,analysis/ablation_f_sweep_tp_funwake/a0.9_f0.5_d2,48,scripts/run_regret_cross_section.py --n-bearings 24 --n-inner-starts 2000 --inner-max-iter 5000 --k-liberal 2000 --deficit turbopark --ti 0.06 --schedule funwake_iter192 --chunk-size 25 --wind-speed 9.0 --n-bins 24 --distances-D 2 --wind-rose elliptical --ed-a 0.9 --ed-f 0.5 --wind-dir 270
192,ablation_f_sweep,tp,a0.9_f0.55_d2,analysis/ablation_f_sweep_tp_funwake/a0.9_f0.55_d2,48,scripts/run_regret_cross_section.py --n-bearings 24 --n-inner-starts 2000 --inner-max-iter 5000 --k-liberal 2000 --deficit turbopark --ti 0.06 --schedule funwake_iter192 --chunk-size 25 --wind-speed 9.0 --n-bins 24 --distances-D 2 --wind-rose elliptical --ed-a 0.9 --ed-f 0.55 --wind-dir 270
193,ablation_f_sweep,bast,a0.9_f0.6_d2,analysis/ablation_f_sweep_funwake/a0.9_f0.6_d2,48,scripts/run_regret_cross_section.py --n-bearings 24 --n-inner-starts 2000 --inner-max-iter 5000 --k-liberal 2000 --deficit bastankhah --schedule funwake_iter192 --chunk-size 25 --wind-speed 9.0 --n-bins 24 --distances-D 2 --wind-rose elliptical --ed-a 0.9 --ed-f 0.6 --wind-dir 270
194,ablation_f_sweep,tp,a0.9_f0.6_d2,analysis/ablation_f_sweep_tp_funwake/a0.9_f0.6_d2,48,scripts/run_regret_cross_section.py --n-bearings 24 --n-inner-starts 2000 --inner-max-iter 5000 --k-liberal 2000 --deficit turbopark --ti 0.06 --schedule funwake_iter192 --chunk-size 25 --wind-speed 9.0 --n-bins 24 --distances-D 2 --wind-rose elliptical --ed-a 0.9 --ed-f 0.6 --wind-dir 270
195,ablation_f_sweep,bast,a0.9_f0.65_d2,analysis/ablation_f_sweep_funwake/a0.9_f0.65_d2,48,scripts/run_regret_cross_section.py --n-bearings 24 --n-inner-starts 2000 --inner-max-iter 5000 --k-liberal 2000 --deficit bastankhah --schedule funwake_iter192 --chunk-size 25 --wind-speed 9.0 --n-bins 24 --distances-D 2 --wind-rose elliptical --ed-a 0.9 --ed-f 0.65 --wind-dir 270
196,ablation_f_sweep,tp,a0.9_f0.65_d2,analysis/ablation_f_sweep_tp_funwake/a0.9_f0.65_d2,48,scripts/run_regret_cross_section.py --n-bearings 24 --n-inner-starts 2000 --inner-max-iter 5000 --k-liberal 2000 --deficit turbopark --ti 0.06 --schedule funwake_iter192 --chunk-size 25 --wind-speed 9.0 --n-bins 24 --distances-D 2 --wind-rose elliptical --ed-a 0.9 --ed-f 0.65 --wind-dir 270
197,ablation_f_sweep,bast,a0.9_f0.7_d2,analysis/ablation_f_sweep_funwake/a0.9_f0.7_d2,48,scripts/run_regret_cross_section.py --n-bearings 24 --n-inner-starts 2000 --inner-max-iter 5000 --k-liberal 2000 --deficit bastankhah --schedule funwake_iter192 --chunk-size 25 --wind-speed 9.0 --n-bins 24 --distances-D 2 --wind-rose elliptical --ed-a 0.9 --ed-f 0.7 --wind-dir 270
198,ablation_f_sweep,tp,a0.9_f0.7_d2,analysis/ablation_f_sweep_tp_funwake/a0.9_f0.7_d2,48,scripts/run_regret_cross_section.py --n-bearings 24 --n-inner-starts 2000 --inner-max-iter 5000 --k-liberal 2000 --deficit turbopark --ti 0.06 --schedule funwake_iter192 --chunk-size 25 --wind-speed 9.0 --n-bins 24 --distances-D 2 --wind-rose elliptical --ed-a 0.9 --ed-f 0.7 --wind-dir 270
199,ablation_f_sweep,bast,a0.9_f0.75_d2,analysis/ablation_f_sweep_funwake/a0.9_f0.75_d2,48,scripts/run_regret_cross_section.py --n-bearings 24 --n-inner-starts 2000 --inner-max-iter 5000 --k-liberal 2000 --deficit bastankhah --schedule funwake_iter192 --chunk-size 25 --wind-speed 9.0 --n-bins 24 --distances-D 2 --wind-rose elliptical --ed-a 0.9 --ed-f 0.75 --wind-dir 270
200,ablation_f_sweep,tp,a0.9_f0.75_d2,analysis/ablation_f_sweep_tp_funwake/a0.9_f0.75_d2,48,scripts/run_regret_cross_section.py --n-bearings 24 --n-inner-starts 2000 --inner-max-iter 5000 --k-liberal 2000 --deficit turbopark --ti 0.06 --schedule funwake_iter192 --chunk-size 25 --wind-speed 9.0 --n-bins 24 --distances-D 2 --wind-rose elliptical --ed-a 0.9 --ed-f 0.75 --wind-dir 270
201,ablation_f_sweep,bast,a0.9_f0.8_d2,analysis/ablation_f_sweep_funwake/a0.9_f0.8_d2,48,scripts/run_regret_cross_section.py --n-bearings 24 --n-inner-starts 2000 --inner-max-iter 5000 --k-liberal 2000 --deficit bastankhah --schedule funwake_iter192 --chunk-size 25 --wind-speed 9.0 --n-bins 24 --distances-D 2 --wind-rose elliptical --ed-a 0.9 --ed-f 0.8 --wind-dir 270
202,ablation_f_sweep,tp,a0.9_f0.8_d2,analysis/ablation_f_sweep_tp_funwake/a0.9_f0.8_d2,48,scripts/run_regret_cross_section.py --n-bearings 24 --n-inner-starts 2000 --inner-max-iter 5000 --k-liberal 2000 --deficit turbopark --ti 0.06 --schedule funwake_iter192 --chunk-size 25 --wind-speed 9.0 --n-bins 24 --distances-D 2 --wind-rose elliptical --ed-a 0.9 --ed-f 0.8 --wind-dir 270
203,ablation_f_sweep,bast,a0.9_f0.85_d2,analysis/ablation_f_sweep_funwake/a0.9_f0.85_d2,48,scripts/run_regret_cross_section.py --n-bearings 24 --n-inner-starts 2000 --inner-max-iter 5000 --k-liberal 2000 --deficit bastankhah --schedule funwake_iter192 --chunk-size 25 --wind-speed 9.0 --n-bins 24 --distances-D 2 --wind-rose elliptical --ed-a 0.9 --ed-f 0.85 --wind-dir 270
204,ablation_f_sweep,tp,a0.9_f0.85_d2,analysis/ablation_f_sweep_tp_funwake/a0.9_f0.85_d2,48,scripts/run_regret_cross_section.py --n-bearings 24 --n-inner-starts 2000 --inner-max-iter 5000 --k-liberal 2000 --deficit turbopark --ti 0.06 --schedule funwake_iter192 --chunk-size 25 --wind-speed 9.0 --n-bins 24 --distances-D 2 --wind-rose elliptical --ed-a 0.9 --ed-f 0.85 --wind-dir 270
205,ablation_f_sweep,bast,a0.9_f0.9_d2,analysis/ablation_f_sweep_funwake/a0.9_f0.9_d2,48,scripts/run_regret_cross_section.py --n-bearings 24 --n-inner-starts 2000 --inner-max-iter 5000 --k-liberal 2000 --deficit bastankhah --schedule funwake_iter192 --chunk-size 25 --wind-speed 9.0 --n-bins 24 --distances-D 2 --wind-rose elliptical --ed-a 0.9 --ed-f 0.9 --wind-dir 270
206,ablation_f_sweep,tp,a0.9_f0.9_d2,analysis/ablation_f_sweep_tp_funwake/a0.9_f0.9_d2,48,scripts/run_regret_cross_section.py --n-bearings 24 --n-inner-starts 2000 --inner-max-iter 5000 --k-liberal 2000 --deficit turbopark --ti 0.06 --schedule funwake_iter192 --chunk-size 25 --wind-speed 9.0 --n-bins 24 --distances-D 2 --wind-rose elliptical --ed-a 0.9 --ed-f 0.9 --wind-dir 270
207,ablation_f_sweep,bast,a0.9_f0.95_d2,analysis/ablation_f_sweep_funwake/a0.9_f0.95_d2,48,scripts/run_regret_cross_section.py --n-bearings 24 --n-inner-starts 2000 --inner-max-iter 5000 --k-liberal 2000 --deficit bastankhah --schedule funwake_iter192 --chunk-size 25 --wind-speed 9.0 --n-bins 24 --distances-D 2 --wind-rose elliptical --ed-a 0.9 --ed-f 0.95 --wind-dir 270
208,ablation_f_sweep,tp,a0.9_f0.95_d2,analysis/ablation_f_sweep_tp_funwake/a0.9_f0.95_d2,48,scripts/run_regret_cross_section.py --n-bearings 24 --n-inner-starts 2000 --inner-max-iter 5000 --k-liberal 2000 --deficit turbopark --ti 0.06 --schedule funwake_iter192 --chunk-size 25 --wind-speed 9.0 --n-bins 24 --distances-D 2 --wind-rose elliptical --ed-a 0.9 --ed-f 0.95 --wind-dir 270
209,ablation_f_sweep,bast,a0.9_f1.0_d2,analysis/ablation_f_sweep_funwake/a0.9_f1.0_d2,48,scripts/run_regret_cross_section.py --n-bearings 24 --n-inner-starts 2000 --inner-max-iter 5000 --k-liberal 2000 --deficit bastankhah --schedule funwake_iter192 --chunk-size 25 --wind-speed 9.0 --n-bins 24 --distances-D 2 --wind-rose elliptical --ed-a 0.9 --ed-f 1.0 --wind-dir 270
210,ablation_f_sweep,tp,a0.9_f1.0_d2,analysis/ablation_f_sweep_tp_funwake/a0.9_f1.0_d2,48,scripts/run_regret_cross_section.py --n-bearings 24 --n-inner-starts 2000 --inner-max-iter 5000 --k-liberal 2000 --deficit turbopark --ti 0.06 --schedule funwake_iter192 --chunk-size 25 --wind-speed 9.0 --n-bins 24 --distances-D 2 --wind-rose elliptical --ed-a 0.9 --ed-f 1.0 --wind-dir 270
211,ablation_f_sweep,bast,a0.9_f1.1_d2,analysis/ablation_f_sweep_funwake/a0.9_f1.1_d2,48,scripts/run_regret_cross_section.py --n-bearings 24 --n-inner-starts 2000 --inner-max-iter 5000 --k-liberal 2000 --deficit bastankhah --schedule funwake_iter192 --chunk-size 25 --wind-speed 9.0 --n-bins 24 --distances-D 2 --wind-rose elliptical --ed-a 0.9 --ed-f 1.1 --wind-dir 270
212,ablation_f_sweep,tp,a0.9_f1.1_d2,analysis/ablation_f_sweep_tp_funwake/a0.9_f1.1_d2,48,scripts/run_regret_cross_section.py --n-bearings 24 --n-inner-starts 2000 --inner-max-iter 5000 --k-liberal 2000 --deficit turbopark --ti 0.06 --schedule funwake_iter192 --chunk-size 25 --wind-speed 9.0 --n-bins 24 --distances-D 2 --wind-rose elliptical --ed-a 0.9 --ed-f 1.1 --wind-dir 270
213,ablation_f_sweep,bast,a0.9_f1.25_d2,analysis/ablation_f_sweep_funwake/a0.9_f1.25_d2,48,scripts/run_regret_cross_section.py --n-bearings 24 --n-inner-starts 2000 --inner-max-iter 5000 --k-liberal 2000 --deficit bastankhah --schedule funwake_iter192 --chunk-size 25 --wind-speed 9.0 --n-bins 24 --distances-D 2 --wind-rose elliptical --ed-a 0.9 --ed-f 1.25 --wind-dir 270
214,ablation_f_sweep,tp,a0.9_f1.25_d2,analysis/ablation_f_sweep_tp_funwake/a0.9_f1.25_d2,48,scripts/run_regret_cross_section.py --n-bearings 24 --n-inner-starts 2000 --inner-max-iter 5000 --k-liberal 2000 --deficit turbopark --ti 0.06 --schedule funwake_iter192 --chunk-size 25 --wind-speed 9.0 --n-bins 24 --distances-D 2 --wind-rose elliptical --ed-a 0.9 --ed-f 1.25 --wind-dir 270
215,ablation_f_sweep,bast,a0.9_f1.5_d2,analysis/ablation_f_sweep_funwake/a0.9_f1.5_d2,48,scripts/run_regret_cross_section.py --n-bearings 24 --n-inner-starts 2000 --inner-max-iter 5000 --k-liberal 2000 --deficit bastankhah --schedule funwake_iter192 --chunk-size 25 --wind-speed 9.0 --n-bins 24 --distances-D 2 --wind-rose elliptical --ed-a 0.9 --ed-f 1.5 --wind-dir 270
216,ablation_f_sweep,tp,a0.9_f1.5_d2,analysis/ablation_f_sweep_tp_funwake/a0.9_f1.5_d2,48,scripts/run_regret_cross_section.py --n-bearings 24 --n-inner-starts 2000 --inner-max-iter 5000 --k-liberal 2000 --deficit turbopark --ti 0.06 --schedule funwake_iter192 --chunk-size 25 --wind-speed 9.0 --n-bins 24 --distances-D 2 --wind-rose elliptical --ed-a 0.9 --ed-f 1.5 --wind-dir 270
217,mixture_explore,bast,bidir_270_90_d2,analysis/mixture_explore_funwake/bidir_270_90_d2,48,scripts/run_regret_cross_section.py --n-bearings 24 --n-inner-starts 2000 --inner-max-iter 5000 --k-liberal 2000 --deficit bastankhah --schedule funwake_iter192 --chunk-size 25 --wind-speed 9.0 --n-bins 24 --distances-D 2 --wind-rose mixture --ed-a 0.9 --ed-f 1.0 --wind-dir 270 --ed-a2 0.9 --ed-f2 1.0 --wind-dir2 90 --mixture-weight 0.5
218,mixture_explore,tp,bidir_270_90_d2,analysis/mixture_explore_tp_funwake/bidir_270_90_d2,48,scripts/run_regret_cross_section.py --n-bearings 24 --n-inner-starts 2000 --inner-max-iter 5000 --k-liberal 2000 --deficit turbopark --ti 0.06 --schedule funwake_iter192 --chunk-size 25 --wind-speed 9.0 --n-bins 24 --distances-D 2 --wind-rose mixture --ed-a 0.9 --ed-f 1.0 --wind-dir 270 --ed-a2 0.9 --ed-f2 1.0 --wind-dir2 90 --mixture-weight 0.5
219,mixture_explore,tp,bidir_270_90_d20,analysis/mixture_explore_tp_funwake/bidir_270_90_d20,48,scripts/run_regret_cross_section.py --n-bearings 24 --n-inner-starts 2000 --inner-max-iter 5000 --k-liberal 2000 --deficit turbopark --ti 0.06 --schedule funwake_iter192 --chunk-size 25 --wind-speed 9.0 --n-bins 24 --distances-D 20 --wind-rose mixture --ed-a 0.9 --ed-f 1.0 --wind-dir 270 --ed-a2 0.9 --ed-f2 1.0 --wind-dir2 90 --mixture-weight 0.5
220,mixture_explore,bast,ortho_270_180_d2,analysis/mixture_explore_funwake/ortho_270_180_d2,48,scripts/run_regret_cross_section.py --n-bearings 24 --n-inner-starts 2000 --inner-max-iter 5000 --k-liberal 2000 --deficit bastankhah --schedule funwake_iter192 --chunk-size 25 --wind-speed 9.0 --n-bins 24 --distances-D 2 --wind-rose mixture --ed-a 0.9 --ed-f 1.0 --wind-dir 270 --ed-a2 0.9 --ed-f2 1.0 --wind-dir2 180 --mixture-weight 0.5
221,mixture_explore,tp,ortho_270_180_d2,analysis/mixture_explore_tp_funwake/ortho_270_180_d2,48,scripts/run_regret_cross_section.py --n-bearings 24 --n-inner-starts 2000 --inner-max-iter 5000 --k-liberal 2000 --deficit turbopark --ti 0.06 --schedule funwake_iter192 --chunk-size 25 --wind-speed 9.0 --n-bins 24 --distances-D 2 --wind-rose mixture --ed-a 0.9 --ed-f 1.0 --wind-dir 270 --ed-a2 0.9 --ed-f2 1.0 --wind-dir2 180 --mixture-weight 0.5
222,mixture_explore,bast,ortho_270_180_d20,analysis/mixture_explore_funwake/ortho_270_180_d20,48,scripts/run_regret_cross_section.py --n-bearings 24 --n-inner-starts 2000 --inner-max-iter 5000 --k-liberal 2000 --deficit bastankhah --schedule funwake_iter192 --chunk-size 25 --wind-speed 9.0 --n-bins 24 --distances-D 20 --wind-rose mixture --ed-a 0.9 --ed-f 1.0 --wind-dir 270 --ed-a2 0.9 --ed-f2 1.0 --wind-dir2 180 --mixture-weight 0.5
223,mixture_explore,bast,wind_strong_weak_d2,analysis/mixture_explore_funwake/wind_strong_weak_d2,48,scripts/run_regret_cross_section.py --n-bearings 24 --n-inner-starts 2000 --inner-max-iter 5000 --k-liberal 2000 --deficit bastankhah --schedule funwake_iter192 --chunk-size 25 --wind-speed 9.0 --n-bins 24 --distances-D 2 --wind-rose mixture --ed-a 0.9 --ed-f 1.0 --wind-dir 270 --ed-a2 0.5 --ed-f2 0.5 --wind-dir2 90 --mixture-weight 0.7
224,mixture_explore,tp,wind_strong_weak_d2,analysis/mixture_explore_tp_funwake/wind_strong_weak_d2,48,scripts/run_regret_cross_section.py --n-bearings 24 --n-inner-starts 2000 --inner-max-iter 5000 --k-liberal 2000 --deficit turbopark --ti 0.06 --schedule funwake_iter192 --chunk-size 25 --wind-speed 9.0 --n-bins 24 --distances-D 2 --wind-rose mixture --ed-a 0.9 --ed-f 1.0 --wind-dir 270 --ed-a2 0.5 --ed-f2 0.5 --wind-dir2 90 --mixture-weight 0.7
225,mixture_explore,bast,tri_270_180_90_d2,analysis/mixture_explore_funwake/tri_270_180_90_d2,48,scripts/run_regret_cross_section.py --n-bearings 24 --n-inner-starts 2000 --inner-max-iter 5000 --k-liberal 2000 --deficit bastankhah --schedule funwake_iter192 --chunk-size 25 --wind-speed 9.0 --n-bins 24 --distances-D 2 --wind-rose mixture --ed-a 0.9 --ed-f 1.0 --wind-dir 270 --ed-a2 0.7 --ed-f2 0.5 --wind-dir2 180 --mixture-weight 0.6
226,mixture_explore,tp,tri_270_180_90_d2,analysis/mixture_explore_tp_funwake/tri_270_180_90_d2,48,scripts/run_regret_cross_section.py --n-bearings 24 --n-inner-starts 2000 --inner-max-iter 5000 --k-liberal 2000 --deficit turbopark --ti 0.06 --schedule funwake_iter192 --chunk-size 25 --wind-speed 9.0 --n-bins 24 --distances-D 2 --wind-rose mixture --ed-a 0.9 --ed-f 1.0 --wind-dir 270 --ed-a2 0.7 --ed-f2 0.5 --wind-dir2 180 --mixture-weight 0.6
227,mixture_explore,bast,tri_270_180_90_d20,analysis/mixture_explore_funwake/tri_270_180_90_d20,48,scripts/run_regret_cross_section.py --n-bearings 24 --n-inner-starts 2000 --inner-max-iter 5000 --k-liberal 2000 --deficit bastankhah --schedule funwake_iter192 --chunk-size 25 --wind-speed 9.0 --n-bins 24 --distances-D 20 --wind-rose mixture --ed-a 0.9 --ed-f 1.0 --wind-dir 270 --ed-a2 0.7 --ed-f2 0.5 --wind-dir2 180 --mixture-weight 0.6
228,mixture_explore,tp,tri_270_180_90_d20,analysis/mixture_explore_tp_funwake/tri_270_180_90_d20,48,scripts/run_regret_cross_section.py --n-bearings 24 --n-inner-starts 2000 --inner-max-iter 5000 --k-liberal 2000 --deficit turbopark --ti 0.06 --schedule funwake_iter192 --chunk-size 25 --wind-speed 9.0 --n-bins 24 --distances-D 20 --wind-rose mixture --ed-a 0.9 --ed-f 1.0 --wind-dir 270 --ed-a2 0.7 --ed-f2 0.5 --wind-dir2 180 --mixture-weight 0.6
229,mixture_explore,bast,broad_two_modes_d2,analysis/mixture_explore_funwake/broad_two_modes_d2,48,scripts/run_regret_cross_section.py --n-bearings 24 --n-inner-starts 2000 --inner-max-iter 5000 --k-liberal 2000 --deficit bastankhah --schedule funwake_iter192 --chunk-size 25 --wind-speed 9.0 --n-bins 24 --distances-D 2 --wind-rose mixture --ed-a 0.5 --ed-f 0.5 --wind-dir 270 --ed-a2 0.5 --ed-f2 0.5 --wind-dir2 90 --mixture-weight 0.5
230,mixture_explore,tp,broad_two_modes_d2,analysis/mixture_explore_tp_funwake/broad_two_modes_d2,48,scripts/run_regret_cross_section.py --n-bearings 24 --n-inner-starts 2000 --inner-max-iter 5000 --k-liberal 2000 --deficit turbopark --ti 0.06 --schedule funwake_iter192 --chunk-size 25 --wind-speed 9.0 --n-bins 24 --distances-D 2 --wind-rose mixture --ed-a 0.5 --ed-f 0.5 --wind-dir 270 --ed-a2 0.5 --ed-f2 0.5 --wind-dir2 90 --mixture-weight 0.5
231,mixture_explore,bast,broad_two_modes_d20,analysis/mixture_explore_funwake/broad_two_modes_d20,48,scripts/run_regret_cross_section.py --n-bearings 24 --n-inner-starts 2000 --inner-max-iter 5000 --k-liberal 2000 --deficit bastankhah --schedule funwake_iter192 --chunk-size 25 --wind-speed 9.0 --n-bins 24 --distances-D 20 --wind-rose mixture --ed-a 0.5 --ed-f 0.5 --wind-dir 270 --ed-a2 0.5 --ed-f2 0.5 --wind-dir2 90 --mixture-weight 0.5
232,mixture_explore,tp,broad_two_modes_d20,analysis/mixture_explore_tp_funwake/broad_two_modes_d20,48,scripts/run_regret_cross_section.py --n-bearings 24 --n-inner-starts 2000 --inner-max-iter 5000 --k-liberal 2000 --deficit turbopark --ti 0.06 --schedule funwake_iter192 --chunk-size 25 --wind-speed 9.0 --n-bins 24 --distances-D 20 --wind-rose mixture --ed-a 0.5 --ed-f 0.5 --wind-dir 270 --ed-a2 0.5 --ed-f2 0.5 --wind-dir2 90 --mixture-weight 0.5
233,mixture_explore,bast,narrow_two_modes_d2,analysis/mixture_explore_funwake/narrow_two_modes_d2,48,scripts/run_regret_cross_section.py --n-bearings 24 --n-inner-starts 2000 --inner-max-iter 5000 --k-liberal 2000 --deficit bastankhah --schedule funwake_iter192 --chunk-size 25 --wind-speed 9.0 --n-bins 24 --distances-D 2 --wind-rose mixture --ed-a 1.5 --ed-f 1.0 --wind-dir 270 --ed-a2 1.5 --ed-f2 1.0 --wind-dir2 90 --mixture-weight 0.5
234,mixture_explore,tp,narrow_two_modes_d2,analysis/mixture_explore_tp_funwake/narrow_two_modes_d2,48,scripts/run_regret_cross_section.py --n-bearings 24 --n-inner-starts 2000 --inner-max-iter 5000 --k-liberal 2000 --deficit turbopark --ti 0.06 --schedule funwake_iter192 --chunk-size 25 --wind-speed 9.0 --n-bins 24 --distances-D 2 --wind-rose mixture --ed-a 1.5 --ed-f 1.0 --wind-dir 270 --ed-a2 1.5 --ed-f2 1.0 --wind-dir2 90 --mixture-weight 0.5
235,mixture_explore,bast,narrow_two_modes_d20,analysis/mixture_explore_funwake/narrow_two_modes_d20,48,scripts/run_regret_cross_section.py --n-bearings 24 --n-inner-starts 2000 --inner-max-iter 5000 --k-liberal 2000 --deficit bastankhah --schedule funwake_iter192 --chunk-size 25 --wind-speed 9.0 --n-bins 24 --distances-D 20 --wind-rose mixture --ed-a 1.5 --ed-f 1.0 --wind-dir 270 --ed-a2 1.5 --ed-f2 1.0 --wind-dir2 90 --mixture-weight 0.5
236,mixture_explore,bast,asym_three_quart_d2,analysis/mixture_explore_funwake/asym_three_quart_d2,48,scripts/run_regret_cross_section.py --n-bearings 24 --n-inner-starts 2000 --inner-max-iter 5000 --k-liberal 2000 --deficit bastankhah --schedule funwake_iter192 --chunk-size 25 --wind-speed 9.0 --n-bins 24 --distances-D 2 --wind-rose mixture --ed-a 0.9 --ed-f 1.0 --wind-dir 270 --ed-a2 0.7 --ed-f2 0.5 --wind-dir2 90 --mixture-weight 0.75
237,mixture_explore,tp,asym_three_quart_d2,analysis/mixture_explore_tp_funwake/asym_three_quart_d2,48,scripts/run_regret_cross_section.py --n-bearings 24 --n-inner-starts 2000 --inner-max-iter 5000 --k-liberal 2000 --deficit turbopark --ti 0.06 --schedule funwake_iter192 --chunk-size 25 --wind-speed 9.0 --n-bins 24 --distances-D 2 --wind-rose mixture --ed-a 0.9 --ed-f 1.0 --wind-dir 270 --ed-a2 0.7 --ed-f2 0.5 --wind-dir2 90 --mixture-weight 0.75
238,mixture_explore,tp,asym_three_quart_d20,analysis/mixture_explore_tp_funwake/asym_three_quart_d20,48,scripts/run_regret_cross_section.py --n-bearings 24 --n-inner-starts 2000 --inner-max-iter 5000 --k-liberal 2000 --deficit turbopark --ti 0.06 --schedule funwake_iter192 --chunk-size 25 --wind-speed 9.0 --n-bins 24 --distances-D 20 --wind-rose mixture --ed-a 0.9 --ed-f 1.0 --wind-dir 270 --ed-a2 0.7 --ed-f2 0.5 --wind-dir2 90 --mixture-weight 0.75
239,mixture_explore,bast,north_sea_like_d2,analysis/mixture_explore_funwake/north_sea_like_d2,48,scripts/run_regret_cross_section.py --n-bearings 24 --n-inner-starts 2000 --inner-max-iter 5000 --k-liberal 2000 --deficit bastankhah --schedule funwake_iter192 --chunk-size 25 --wind-speed 9.0 --n-bins 24 --distances-D 2 --wind-rose mixture --ed-a 0.7 --ed-f 0.4 --wind-dir 240 --ed-a2 0.7 --ed-f2 0.4 --wind-dir2 60 --mixture-weight 0.7
240,mixture_explore,tp,north_sea_like_d2,analysis/mixture_explore_tp_funwake/north_sea_like_d2,48,scripts/run_regret_cross_section.py --n-bearings 24 --n-inner-starts 2000 --inner-max-iter 5000 --k-liberal 2000 --deficit turbopark --ti 0.06 --schedule funwake_iter192 --chunk-size 25 --wind-speed 9.0 --n-bins 24 --distances-D 2 --wind-rose mixture --ed-a 0.7 --ed-f 0.4 --wind-dir 240 --ed-a2 0.7 --ed-f2 0.4 --wind-dir2 60 --mixture-weight 0.7
241,mixture_explore,bast,north_sea_like_d20,analysis/mixture_explore_funwake/north_sea_like_d20,48,scripts/run_regret_cross_section.py --n-bearings 24 --n-inner-starts 2000 --inner-max-iter 5000 --k-liberal 2000 --deficit bastankhah --schedule funwake_iter192 --chunk-size 25 --wind-speed 9.0 --n-bins 24 --distances-D 20 --wind-rose mixture --ed-a 0.7 --ed-f 0.4 --wind-dir 240 --ed-a2 0.7 --ed-f2 0.4 --wind-dir2 60 --mixture-weight 0.7
242,n_target_sweep,tp,dei_N25_d2,analysis/n_target_sweep_tp_funwake/dei_N25_d2,72,scripts/run_regret_cross_section.py --n-bearings 24 --n-inner-starts 2000 --inner-max-iter 5000 --k-liberal 2000 --deficit turbopark --ti 0.06 --schedule funwake_iter192 --chunk-size 25 --wind-speed 9.0 --n-bins 24 --n-target 25 --distances-D 2 --wind-rose dei
243,n_target_sweep,bast,dei_N25_d10,analysis/n_target_sweep_funwake/dei_N25_d10,72,scripts/run_regret_cross_section.py --n-bearings 24 --n-inner-starts 2000 --inner-max-iter 5000 --k-liberal 2000 --deficit bastankhah --schedule funwake_iter192 --chunk-size 25 --wind-speed 9.0 --n-bins 24 --n-target 25 --distances-D 10 --wind-rose dei
244,n_target_sweep,tp,dei_N25_d10,analysis/n_target_sweep_tp_funwake/dei_N25_d10,72,scripts/run_regret_cross_section.py --n-bearings 24 --n-inner-starts 2000 --inner-max-iter 5000 --k-liberal 2000 --deficit turbopark --ti 0.06 --schedule funwake_iter192 --chunk-size 25 --wind-speed 9.0 --n-bins 24 --n-target 25 --distances-D 10 --wind-rose dei
245,n_target_sweep,bast,dei_N25_d20,analysis/n_target_sweep_funwake/dei_N25_d20,72,scripts/run_regret_cross_section.py --n-bearings 24 --n-inner-starts 2000 --inner-max-iter 5000 --k-liberal 2000 --deficit bastankhah --schedule funwake_iter192 --chunk-size 25 --wind-speed 9.0 --n-bins 24 --n-target 25 --distances-D 20 --wind-rose dei
246,n_target_sweep,tp,dei_N25_d20,analysis/n_target_sweep_tp_funwake/dei_N25_d20,72,scripts/run_regret_cross_section.py --n-bearings 24 --n-inner-starts 2000 --inner-max-iter 5000 --k-liberal 2000 --deficit turbopark --ti 0.06 --schedule funwake_iter192 --chunk-size 25 --wind-speed 9.0 --n-bins 24 --n-target 25 --distances-D 20 --wind-rose dei
247,n_target_sweep,bast,dei_N25_d40,analysis/n_target_sweep_funwake/dei_N25_d40,72,scripts/run_regret_cross_section.py --n-bearings 24 --n-inner-starts 2000 --inner-max-iter 5000 --k-liberal 2000 --deficit bastankhah --schedule funwake_iter192 --chunk-size 25 --wind-speed 9.0 --n-bins 24 --n-target 25 --distances-D 40 --wind-rose dei
248,n_target_sweep,tp,dei_N25_d40,analysis/n_target_sweep_tp_funwake/dei_N25_d40,72,scripts/run_regret_cross_section.py --n-bearings 24 --n-inner-starts 2000 --inner-max-iter 5000 --k-liberal 2000 --deficit turbopark --ti 0.06 --schedule funwake_iter192 --chunk-size 25 --wind-speed 9.0 --n-bins 24 --n-target 25 --distances-D 40 --wind-rose dei
249,n_target_sweep,bast,dei_N50_d2,analysis/n_target_sweep_funwake/dei_N50_d2,72,scripts/run_regret_cross_section.py --n-bearings 24 --n-inner-starts 2000 --inner-max-iter 5000 --k-liberal 2000 --deficit bastankhah --schedule funwake_iter192 --chunk-size 25 --wind-speed 9.0 --n-bins 24 --n-target 50 --distances-D 2 --wind-rose dei
250,n_target_sweep,tp,dei_N50_d2,analysis/n_target_sweep_tp_funwake/dei_N50_d2,72,scripts/run_regret_cross_section.py --n-bearings 24 --n-inner-starts 2000 --inner-max-iter 5000 --k-liberal 2000 --deficit turbopark --ti 0.06 --schedule funwake_iter192 --chunk-size 25 --wind-speed 9.0 --n-bins 24 --n-target 50 --distances-D 2 --wind-rose dei
251,n_target_sweep,tp,dei_N50_d10,analysis/n_target_sweep_tp_funwake/dei_N50_d10,72,scripts/run_regret_cross_section.py --n-bearings 24 --n-inner-starts 2000 --inner-max-iter 5000 --k-liberal 2000 --deficit turbopark --ti 0.06 --schedule funwake_iter192 --chunk-size 25 --wind-speed 9.0 --n-bins 24 --n-target 50 --distances-D 10 --wind-rose dei
252,n_target_sweep,bast,dei_N50_d20,analysis/n_target_sweep_funwake/dei_N50_d20,72,scripts/run_regret_cross_section.py --n-bearings 24 --n-inner-starts 2000 --inner-max-iter 5000 --k-liberal 2000 --deficit bastankhah --schedule funwake_iter192 --chunk-size 25 --wind-speed 9.0 --n-bins 24 --n-target 50 --distances-D 20 --wind-rose dei
253,n_target_sweep,tp,dei_N50_d20,analysis/n_target_sweep_tp_funwake/dei_N50_d20,72,scripts/run_regret_cross_section.py --n-bearings 24 --n-inner-starts 2000 --inner-max-iter 5000 --k-liberal 2000 --deficit turbopark --ti 0.06 --schedule funwake_iter192 --chunk-size 25 --wind-speed 9.0 --n-bins 24 --n-target 50 --distances-D 20 --wind-rose dei
254,n_target_sweep,bast,dei_N50_d40,analysis/n_target_sweep_funwake/dei_N50_d40,72,scripts/run_regret_cross_section.py --n-bearings 24 --n-inner-starts 2000 --inner-max-iter 5000 --k-liberal 2000 --deficit bastankhah --schedule funwake_iter192 --chunk-size 25 --wind-speed 9.0 --n-bins 24 --n-target 50 --distances-D 40 --wind-rose dei
255,n_target_sweep,tp,dei_N50_d40,analysis/n_target_sweep_tp_funwake/dei_N50_d40,72,scripts/run_regret_cross_section.py --n-bearings 24 --n-inner-starts 2000 --inner-max-iter 5000 --k-liberal 2000 --deficit turbopark --ti 0.06 --schedule funwake_iter192 --chunk-size 25 --wind-speed 9.0 --n-bins 24 --n-target 50 --distances-D 40 --wind-rose dei
256,n_target_sweep,bast,dei_N75_d2,analysis/n_target_sweep_funwake/dei_N75_d2,72,scripts/run_regret_cross_section.py --n-bearings 24 --n-inner-starts 2000 --inner-max-iter 5000 --k-liberal 2000 --deficit bastankhah --schedule funwake_iter192 --chunk-size 25 --wind-speed 9.0 --n-bins 24 --n-target 75 --distances-D 2 --wind-rose dei
257,n_target_sweep,tp,dei_N75_d2,analysis/n_target_sweep_tp_funwake/dei_N75_d2,72,scripts/run_regret_cross_section.py --n-bearings 24 --n-inner-starts 2000 --inner-max-iter 5000 --k-liberal 2000 --deficit turbopark --ti 0.06 --schedule funwake_iter192 --chunk-size 25 --wind-speed 9.0 --n-bins 24 --n-target 75 --distances-D 2 --wind-rose dei
258,n_target_sweep,bast,dei_N75_d10,analysis/n_target_sweep_funwake/dei_N75_d10,72,scripts/run_regret_cross_section.py --n-bearings 24 --n-inner-starts 2000 --inner-max-iter 5000 --k-liberal 2000 --deficit bastankhah --schedule funwake_iter192 --chunk-size 25 --wind-speed 9.0 --n-bins 24 --n-target 75 --distances-D 10 --wind-rose dei
259,n_target_sweep,tp,dei_N75_d10,analysis/n_target_sweep_tp_funwake/dei_N75_d10,72,scripts/run_regret_cross_section.py --n-bearings 24 --n-inner-starts 2000 --inner-max-iter 5000 --k-liberal 2000 --deficit turbopark --ti 0.06 --schedule funwake_iter192 --chunk-size 25 --wind-speed 9.0 --n-bins 24 --n-target 75 --distances-D 10 --wind-rose dei
260,n_target_sweep,bast,dei_N75_d20,analysis/n_target_sweep_funwake/dei_N75_d20,72,scripts/run_regret_cross_section.py --n-bearings 24 --n-inner-starts 2000 --inner-max-iter 5000 --k-liberal 2000 --deficit bastankhah --schedule funwake_iter192 --chunk-size 25 --wind-speed 9.0 --n-bins 24 --n-target 75 --distances-D 20 --wind-rose dei
261,n_target_sweep,tp,dei_N75_d20,analysis/n_target_sweep_tp_funwake/dei_N75_d20,72,scripts/run_regret_cross_section.py --n-bearings 24 --n-inner-starts 2000 --inner-max-iter 5000 --k-liberal 2000 --deficit turbopark --ti 0.06 --schedule funwake_iter192 --chunk-size 25 --wind-speed 9.0 --n-bins 24 --n-target 75 --distances-D 20 --wind-rose dei
262,n_target_sweep,bast,dei_N75_d40,analysis/n_target_sweep_funwake/dei_N75_d40,72,scripts/run_regret_cross_section.py --n-bearings 24 --n-inner-starts 2000 --inner-max-iter 5000 --k-liberal 2000 --deficit bastankhah --schedule funwake_iter192 --chunk-size 25 --wind-speed 9.0 --n-bins 24 --n-target 75 --distances-D 40 --wind-rose dei
263,n_target_sweep,tp,dei_N75_d40,analysis/n_target_sweep_tp_funwake/dei_N75_d40,72,scripts/run_regret_cross_section.py --n-bearings 24 --n-inner-starts 2000 --inner-max-iter 5000 --k-liberal 2000 --deficit turbopark --ti 0.06 --schedule funwake_iter192 --chunk-size 25 --wind-speed 9.0 --n-bins 24 --n-target 75 --distances-D 40 --wind-rose dei
264,n_target_sweep,bast,dei_N100_d2,analysis/n_target_sweep_funwake/dei_N100_d2,72,scripts/run_regret_cross_section.py --n-bearings 24 --n-inner-starts 2000 --inner-max-iter 5000 --k-liberal 2000 --deficit bastankhah --schedule funwake_iter192 --chunk-size 25 --wind-speed 9.0 --n-bins 24 --n-target 100 --distances-D 2 --wind-rose dei
265,n_target_sweep,tp,dei_N100_d2,analysis/n_target_sweep_tp_funwake/dei_N100_d2,72,scripts/run_regret_cross_section.py --n-bearings 24 --n-inner-starts 2000 --inner-max-iter 5000 --k-liberal 2000 --deficit turbopark --ti 0.06 --schedule funwake_iter192 --chunk-size 25 --wind-speed 9.0 --n-bins 24 --n-target 100 --distances-D 2 --wind-rose dei
266,n_target_sweep,bast,dei_N100_d10,analysis/n_target_sweep_funwake/dei_N100_d10,72,scripts/run_regret_cross_section.py --n-bearings 24 --n-inner-starts 2000 --inner-max-iter 5000 --k-liberal 2000 --deficit bastankhah --schedule funwake_iter192 --chunk-size 25 --wind-speed 9.0 --n-bins 24 --n-target 100 --distances-D 10 --wind-rose dei
267,n_target_sweep,tp,dei_N100_d10,analysis/n_target_sweep_tp_funwake/dei_N100_d10,72,scripts/run_regret_cross_section.py --n-bearings 24 --n-inner-starts 2000 --inner-max-iter 5000 --k-liberal 2000 --deficit turbopark --ti 0.06 --schedule funwake_iter192 --chunk-size 25 --wind-speed 9.0 --n-bins 24 --n-target 100 --distances-D 10 --wind-rose dei
268,n_target_sweep,bast,dei_N100_d20,analysis/n_target_sweep_funwake/dei_N100_d20,72,scripts/run_regret_cross_section.py --n-bearings 24 --n-inner-starts 2000 --inner-max-iter 5000 --k-liberal 2000 --deficit bastankhah --schedule funwake_iter192 --chunk-size 25 --wind-speed 9.0 --n-bins 24 --n-target 100 --distances-D 20 --wind-rose dei
269,n_target_sweep,tp,dei_N100_d20,analysis/n_target_sweep_tp_funwake/dei_N100_d20,72,scripts/run_regret_cross_section.py --n-bearings 24 --n-inner-starts 2000 --inner-max-iter 5000 --k-liberal 2000 --deficit turbopark --ti 0.06 --schedule funwake_iter192 --chunk-size 25 --wind-speed 9.0 --n-bins 24 --n-target 100 --distances-D 20 --wind-rose dei
270,n_target_sweep,bast,dei_N100_d40,analysis/n_target_sweep_funwake/dei_N100_d40,72,scripts/run_regret_cross_section.py --n-bearings 24 --n-inner-starts 2000 --inner-max-iter 5000 --k-liberal 2000 --deficit bastankhah --schedule funwake_iter192 --chunk-size 25 --wind-speed 9.0 --n-bins 24 --n-target 100 --distances-D 40 --wind-rose dei
271,n_target_sweep,tp,dei_N100_d40,analysis/n_target_sweep_tp_funwake/dei_N100_d40,72,scripts/run_regret_cross_section.py --n-bearings 24 --n-inner-starts 2000 --inner-max-iter 5000 --k-liberal 2000 --deficit turbopark --ti 0.06 --schedule funwake_iter192 --chunk-size 25 --wind-speed 9.0 --n-bins 24 --n-target 100 --distances-D 40 --wind-rose dei
272,n_target_sweep,tp,a0.9_f1.0_N25_d2,analysis/n_target_sweep_tp_funwake/a0.9_f1.0_N25_d2,72,scripts/run_regret_cross_section.py --n-bearings 24 --n-inner-starts 2000 --inner-max-iter 5000 --k-liberal 2000 --deficit turbopark --ti 0.06 --schedule funwake_iter192 --chunk-size 25 --wind-speed 9.0 --n-bins 24 --n-target 25 --distances-D 2 --wind-rose elliptical --ed-a 0.9 --ed-f 1.0 --wind-dir 270
273,n_target_sweep,bast,a0.9_f1.0_N25_d10,analysis/n_target_sweep_funwake/a0.9_f1.0_N25_d10,72,scripts/run_regret_cross_section.py --n-bearings 24 --n-inner-starts 2000 --inner-max-iter 5000 --k-liberal 2000 --deficit bastankhah --schedule funwake_iter192 --chunk-size 25 --wind-speed 9.0 --n-bins 24 --n-target 25 --distances-D 10 --wind-rose elliptical --ed-a 0.9 --ed-f 1.0 --wind-dir 270
274,n_target_sweep,tp,a0.9_f1.0_N25_d10,analysis/n_target_sweep_tp_funwake/a0.9_f1.0_N25_d10,72,scripts/run_regret_cross_section.py --n-bearings 24 --n-inner-starts 2000 --inner-max-iter 5000 --k-liberal 2000 --deficit turbopark --ti 0.06 --schedule funwake_iter192 --chunk-size 25 --wind-speed 9.0 --n-bins 24 --n-target 25 --distances-D 10 --wind-rose elliptical --ed-a 0.9 --ed-f 1.0 --wind-dir 270
275,n_target_sweep,bast,a0.9_f1.0_N25_d20,analysis/n_target_sweep_funwake/a0.9_f1.0_N25_d20,72,scripts/run_regret_cross_section.py --n-bearings 24 --n-inner-starts 2000 --inner-max-iter 5000 --k-liberal 2000 --deficit bastankhah --schedule funwake_iter192 --chunk-size 25 --wind-speed 9.0 --n-bins 24 --n-target 25 --distances-D 20 --wind-rose elliptical --ed-a 0.9 --ed-f 1.0 --wind-dir 270
276,n_target_sweep,tp,a0.9_f1.0_N25_d20,analysis/n_target_sweep_tp_funwake/a0.9_f1.0_N25_d20,72,scripts/run_regret_cross_section.py --n-bearings 24 --n-inner-starts 2000 --inner-max-iter 5000 --k-liberal 2000 --deficit turbopark --ti 0.06 --schedule funwake_iter192 --chunk-size 25 --wind-speed 9.0 --n-bins 24 --n-target 25 --distances-D 20 --wind-rose elliptical --ed-a 0.9 --ed-f 1.0 --wind-dir 270
277,n_target_sweep,bast,a0.9_f1.0_N25_d40,analysis/n_target_sweep_funwake/a0.9_f1.0_N25_d40,72,scripts/run_regret_cross_section.py --n-bearings 24 --n-inner-starts 2000 --inner-max-iter 5000 --k-liberal 2000 --deficit bastankhah --schedule funwake_iter192 --chunk-size 25 --wind-speed 9.0 --n-bins 24 --n-target 25 --distances-D 40 --wind-rose elliptical --ed-a 0.9 --ed-f 1.0 --wind-dir 270
278,n_target_sweep,tp,a0.9_f1.0_N25_d40,analysis/n_target_sweep_tp_funwake/a0.9_f1.0_N25_d40,72,scripts/run_regret_cross_section.py --n-bearings 24 --n-inner-starts 2000 --inner-max-iter 5000 --k-liberal 2000 --deficit turbopark --ti 0.06 --schedule funwake_iter192 --chunk-size 25 --wind-speed 9.0 --n-bins 24 --n-target 25 --distances-D 40 --wind-rose elliptical --ed-a 0.9 --ed-f 1.0 --wind-dir 270
279,n_target_sweep,bast,a0.9_f1.0_N50_d2,analysis/n_target_sweep_funwake/a0.9_f1.0_N50_d2,72,scripts/run_regret_cross_section.py --n-bearings 24 --n-inner-starts 2000 --inner-max-iter 5000 --k-liberal 2000 --deficit bastankhah --schedule funwake_iter192 --chunk-size 25 --wind-speed 9.0 --n-bins 24 --n-target 50 --distances-D 2 --wind-rose elliptical --ed-a 0.9 --ed-f 1.0 --wind-dir 270
280,n_target_sweep,tp,a0.9_f1.0_N50_d2,analysis/n_target_sweep_tp_funwake/a0.9_f1.0_N50_d2,72,scripts/run_regret_cross_section.py --n-bearings 24 --n-inner-starts 2000 --inner-max-iter 5000 --k-liberal 2000 --deficit turbopark --ti 0.06 --schedule funwake_iter192 --chunk-size 25 --wind-speed 9.0 --n-bins 24 --n-target 50 --distances-D 2 --wind-rose elliptical --ed-a 0.9 --ed-f 1.0 --wind-dir 270
281,n_target_sweep,bast,a0.9_f1.0_N50_d10,analysis/n_target_sweep_funwake/a0.9_f1.0_N50_d10,72,scripts/run_regret_cross_section.py --n-bearings 24 --n-inner-starts 2000 --inner-max-iter 5000 --k-liberal 2000 --deficit bastankhah --schedule funwake_iter192 --chunk-size 25 --wind-speed 9.0 --n-bins 24 --n-target 50 --distances-D 10 --wind-rose elliptical --ed-a 0.9 --ed-f 1.0 --wind-dir 270
282,n_target_sweep,tp,a0.9_f1.0_N50_d10,analysis/n_target_sweep_tp_funwake/a0.9_f1.0_N50_d10,72,scripts/run_regret_cross_section.py --n-bearings 24 --n-inner-starts 2000 --inner-max-iter 5000 --k-liberal 2000 --deficit turbopark --ti 0.06 --schedule funwake_iter192 --chunk-size 25 --wind-speed 9.0 --n-bins 24 --n-target 50 --distances-D 10 --wind-rose elliptical --ed-a 0.9 --ed-f 1.0 --wind-dir 270
283,n_target_sweep,bast,a0.9_f1.0_N50_d20,analysis/n_target_sweep_funwake/a0.9_f1.0_N50_d20,72,scripts/run_regret_cross_section.py --n-bearings 24 --n-inner-starts 2000 --inner-max-iter 5000 --k-liberal 2000 --deficit bastankhah --schedule funwake_iter192 --chunk-size 25 --wind-speed 9.0 --n-bins 24 --n-target 50 --distances-D 20 --wind-rose elliptical --ed-a 0.9 --ed-f 1.0 --wind-dir 270
284,n_target_sweep,tp,a0.9_f1.0_N50_d20,analysis/n_target_sweep_tp_funwake/a0.9_f1.0_N50_d20,72,scripts/run_regret_cross_section.py --n-bearings 24 --n-inner-starts 2000 --inner-max-iter 5000 --k-liberal 2000 --deficit turbopark --ti 0.06 --schedule funwake_iter192 --chunk-size 25 --wind-speed 9.0 --n-bins 24 --n-target 50 --distances-D 20 --wind-rose elliptical --ed-a 0.9 --ed-f 1.0 --wind-dir 270
285,n_target_sweep,tp,a0.9_f1.0_N50_d40,analysis/n_target_sweep_tp_funwake/a0.9_f1.0_N50_d40,72,scripts/run_regret_cross_section.py --n-bearings 24 --n-inner-starts 2000 --inner-max-iter 5000 --k-liberal 2000 --deficit turbopark --ti 0.06 --schedule funwake_iter192 --chunk-size 25 --wind-speed 9.0 --n-bins 24 --n-target 50 --distances-D 40 --wind-rose elliptical --ed-a 0.9 --ed-f 1.0 --wind-dir 270
286,n_target_sweep,bast,a0.9_f1.0_N75_d2,analysis/n_target_sweep_funwake/a0.9_f1.0_N75_d2,72,scripts/run_regret_cross_section.py --n-bearings 24 --n-inner-starts 2000 --inner-max-iter 5000 --k-liberal 2000 --deficit bastankhah --schedule funwake_iter192 --chunk-size 25 --wind-speed 9.0 --n-bins 24 --n-target 75 --distances-D 2 --wind-rose elliptical --ed-a 0.9 --ed-f 1.0 --wind-dir 270
287,n_target_sweep,tp,a0.9_f1.0_N75_d2,analysis/n_target_sweep_tp_funwake/a0.9_f1.0_N75_d2,72,scripts/run_regret_cross_section.py --n-bearings 24 --n-inner-starts 2000 --inner-max-iter 5000 --k-liberal 2000 --deficit turbopark --ti 0.06 --schedule funwake_iter192 --chunk-size 25 --wind-speed 9.0 --n-bins 24 --n-target 75 --distances-D 2 --wind-rose elliptical --ed-a 0.9 --ed-f 1.0 --wind-dir 270
288,n_target_sweep,bast,a0.9_f1.0_N75_d10,analysis/n_target_sweep_funwake/a0.9_f1.0_N75_d10,72,scripts/run_regret_cross_section.py --n-bearings 24 --n-inner-starts 2000 --inner-max-iter 5000 --k-liberal 2000 --deficit bastankhah --schedule funwake_iter192 --chunk-size 25 --wind-speed 9.0 --n-bins 24 --n-target 75 --distances-D 10 --wind-rose elliptical --ed-a 0.9 --ed-f 1.0 --wind-dir 270
289,n_target_sweep,tp,a0.9_f1.0_N75_d10,analysis/n_target_sweep_tp_funwake/a0.9_f1.0_N75_d10,72,scripts/run_regret_cross_section.py --n-bearings 24 --n-inner-starts 2000 --inner-max-iter 5000 --k-liberal 2000 --deficit turbopark --ti 0.06 --schedule funwake_iter192 --chunk-size 25 --wind-speed 9.0 --n-bins 24 --n-target 75 --distances-D 10 --wind-rose elliptical --ed-a 0.9 --ed-f 1.0 --wind-dir 270
290,n_target_sweep,bast,a0.9_f1.0_N75_d20,analysis/n_target_sweep_funwake/a0.9_f1.0_N75_d20,72,scripts/run_regret_cross_section.py --n-bearings 24 --n-inner-starts 2000 --inner-max-iter 5000 --k-liberal 2000 --deficit bastankhah --schedule funwake_iter192 --chunk-size 25 --wind-speed 9.0 --n-bins 24 --n-target 75 --distances-D 20 --wind-rose elliptical --ed-a 0.9 --ed-f 1.0 --wind-dir 270
291,n_target_sweep,tp,a0.9_f1.0_N75_d20,analysis/n_target_sweep_tp_funwake/a0.9_f1.0_N75_d20,72,scripts/run_regret_cross_section.py --n-bearings 24 --n-inner-starts 2000 --inner-max-iter 5000 --k-liberal 2000 --deficit turbopark --ti 0.06 --schedule funwake_iter192 --chunk-size 25 --wind-speed 9.0 --n-bins 24 --n-target 75 --distances-D 20 --wind-rose elliptical --ed-a 0.9 --ed-f 1.0 --wind-dir 270
292,n_target_sweep,bast,a0.9_f1.0_N75_d40,analysis/n_target_sweep_funwake/a0.9_f1.0_N75_d40,72,scripts/run_regret_cross_section.py --n-bearings 24 --n-inner-starts 2000 --inner-max-iter 5000 --k-liberal 2000 --deficit bastankhah --schedule funwake_iter192 --chunk-size 25 --wind-speed 9.0 --n-bins 24 --n-target 75 --distances-D 40 --wind-rose elliptical --ed-a 0.9 --ed-f 1.0 --wind-dir 270
293,n_target_sweep,tp,a0.9_f1.0_N75_d40,analysis/n_target_sweep_tp_funwake/a0.9_f1.0_N75_d40,72,scripts/run_regret_cross_section.py --n-bearings 24 --n-inner-starts 2000 --inner-max-iter 5000 --k-liberal 2000 --deficit turbopark --ti 0.06 --schedule funwake_iter192 --chunk-size 25 --wind-speed 9.0 --n-bins 24 --n-target 75 --distances-D 40 --wind-rose elliptical --ed-a 0.9 --ed-f 1.0 --wind-dir 270
294,n_target_sweep,bast,a0.9_f1.0_N100_d2,analysis/n_target_sweep_funwake/a0.9_f1.0_N100_d2,72,scripts/run_regret_cross_section.py --n-bearings 24 --n-inner-starts 2000 --inner-max-iter 5000 --k-liberal 2000 --deficit bastankhah --schedule funwake_iter192 --chunk-size 25 --wind-speed 9.0 --n-bins 24 --n-target 100 --distances-D 2 --wind-rose elliptical --ed-a 0.9 --ed-f 1.0 --wind-dir 270
295,n_target_sweep,tp,a0.9_f1.0_N100_d2,analysis/n_target_sweep_tp_funwake/a0.9_f1.0_N100_d2,72,scripts/run_regret_cross_section.py --n-bearings 24 --n-inner-starts 2000 --inner-max-iter 5000 --k-liberal 2000 --deficit turbopark --ti 0.06 --schedule funwake_iter192 --chunk-size 25 --wind-speed 9.0 --n-bins 24 --n-target 100 --distances-D 2 --wind-rose elliptical --ed-a 0.9 --ed-f 1.0 --wind-dir 270
296,n_target_sweep,bast,a0.9_f1.0_N100_d10,analysis/n_target_sweep_funwake/a0.9_f1.0_N100_d10,72,scripts/run_regret_cross_section.py --n-bearings 24 --n-inner-starts 2000 --inner-max-iter 5000 --k-liberal 2000 --deficit bastankhah --schedule funwake_iter192 --chunk-size 25 --wind-speed 9.0 --n-bins 24 --n-target 100 --distances-D 10 --wind-rose elliptical --ed-a 0.9 --ed-f 1.0 --wind-dir 270
297,n_target_sweep,tp,a0.9_f1.0_N100_d10,analysis/n_target_sweep_tp_funwake/a0.9_f1.0_N100_d10,72,scripts/run_regret_cross_section.py --n-bearings 24 --n-inner-starts 2000 --inner-max-iter 5000 --k-liberal 2000 --deficit turbopark --ti 0.06 --schedule funwake_iter192 --chunk-size 25 --wind-speed 9.0 --n-bins 24 --n-target 100 --distances-D 10 --wind-rose elliptical --ed-a 0.9 --ed-f 1.0 --wind-dir 270
298,n_target_sweep,bast,a0.9_f1.0_N100_d20,analysis/n_target_sweep_funwake/a0.9_f1.0_N100_d20,72,scripts/run_regret_cross_section.py --n-bearings 24 --n-inner-starts 2000 --inner-max-iter 5000 --k-liberal 2000 --deficit bastankhah --schedule funwake_iter192 --chunk-size 25 --wind-speed 9.0 --n-bins 24 --n-target 100 --distances-D 20 --wind-rose elliptical --ed-a 0.9 --ed-f 1.0 --wind-dir 270
299,n_target_sweep,tp,a0.9_f1.0_N100_d20,analysis/n_target_sweep_tp_funwake/a0.9_f1.0_N100_d20,72,scripts/run_regret_cross_section.py --n-bearings 24 --n-inner-starts 2000 --inner-max-iter 5000 --k-liberal 2000 --deficit turbopark --ti 0.06 --schedule funwake_iter192 --chunk-size 25 --wind-speed 9.0 --n-bins 24 --n-target 100 --distances-D 20 --wind-rose elliptical --ed-a 0.9 --ed-f 1.0 --wind-dir 270
300,n_target_sweep,bast,a0.9_f1.0_N100_d40,analysis/n_target_sweep_funwake/a0.9_f1.0_N100_d40,72,scripts/run_regret_cross_section.py --n-bearings 24 --n-inner-starts 2000 --inner-max-iter 5000 --k-liberal 2000 --deficit bastankhah --schedule funwake_iter192 --chunk-size 25 --wind-speed 9.0 --n-bins 24 --n-target 100 --distances-D 40 --wind-rose elliptical --ed-a 0.9 --ed-f 1.0 --wind-dir 270
301,n_target_sweep,tp,a0.9_f1.0_N100_d40,analysis/n_target_sweep_tp_funwake/a0.9_f1.0_N100_d40,72,scripts/run_regret_cross_section.py --n-bearings 24 --n-inner-starts 2000 --inner-max-iter 5000 --k-liberal 2000 --deficit turbopark --ti 0.06 --schedule funwake_iter192 --chunk-size 25 --wind-speed 9.0 --n-bins 24 --n-target 100 --distances-D 40 --wind-rose elliptical --ed-a 0.9 --ed-f 1.0 --wind-dir 270
